Price,Close_GOLD,EMA200_GOLD,Upper_Buffer_GOLD,Lower_Buffer_GOLD,SMA200_GOLD,SMA40_GOLD
Ticker,GC=F_GOLD,_GOLD,_GOLD,_GOLD,_GOLD,_GOLD
Date,,,,,,
2026-03-20,4492.0,4193.59,4319.4,4067.79,4062.8,5026.18
2026-03-19,4600.7,4190.59,4316.31,4064.88,4057.21,5036.6
2026-03-18,4889.9,4186.47,4312.07,4060.88,4050.96,5042.38
2026-03-17,5001.0,4179.4,4304.78,4054.02,4043.36,5039.12
2026-03-16,4994.0,4171.15,4296.28,4046.01,4034.8,5028.81
2026-03-13,5052.5,4162.88,4287.76,4037.99,4026.42,5019.36
2026-03-12,5115.8,4153.93,4278.55,4029.32,4017.62,5008.71
2026-03-11,5167.4,4144.27,4268.6,4019.94,4008.54,4995.54
2026-03-10,5229.7,4133.98,4258.0,4009.97,3999.52,4981.47
2026-03-09,5091.5,4122.97,4246.66,3999.28,3989.83,4962.98
2026-03-06,5146.1,4113.24,4236.64,3989.84,3980.92,4946.94
2026-03-05,5065.3,4102.86,4225.94,3979.77,3971.59,4929.52
2026-03-04,5120.2,4093.19,4215.98,3970.39,3962.41,4914.94
2026-03-03,5107.4,4082.86,4205.35,3960.38,3952.72,4897.86
2026-03-02,5294.4,4072.57,4194.74,3950.39,3943.29,4878.03
2026-02-27,5230.5,4060.29,4182.1,3938.48,3932.72,4853.81
2026-02-26,5176.5,4048.53,4169.98,3927.07,3922.77,4832.3
2026-02-25,5206.4,4037.19,4158.31,3916.07,3912.99,4811.02
2026-02-24,5155.8,4025.44,4146.2,3904.68,3903.63,4794.08
2026-02-23,5204.7,4014.08,4134.5,3893.66,3894.34,4777.2
2026-02-20,5059.3,4002.11,4122.18,3882.05,3885.22,4759.16
2026-02-19,4975.9,3991.49,4111.23,3871.74,3876.98,4743.79
2026-02-18,4986.5,3981.59,4101.04,3862.15,3868.66,4728.43
2026-02-17,4882.9,3971.49,4090.64,3852.35,3859.89,4712.25
2026-02-13,5022.0,3962.33,4081.2,3843.46,3851.52,4698.87
2026-02-12,4923.7,3951.68,4070.23,3833.13,3842.94,4680.93
2026-02-11,5071.6,3941.92,4060.17,3823.66,3834.91,4665.5
2026-02-10,5003.8,3930.56,4048.48,3812.64,3826.22,4646.22
2026-02-09,5050.9,3919.78,4037.37,3802.18,3817.61,4628.26
2026-02-06,4951.2,3908.41,4025.66,3791.15,3809.01,4606.9
2026-02-05,4861.4,3897.93,4014.86,3780.99,3800.64,4588.28
2026-02-04,4920.4,3888.24,4004.89,3771.6,3793.34,4571.43
2026-02-03,4903.7,3877.87,3994.21,3761.53,3785.77,4553.74
2026-02-02,4622.5,3867.56,3983.59,3751.53,3777.79,4536.44
2026-01-30,4713.9,3859.97,3975.77,3744.17,3771.31,4525.86
2026-01-29,5318.4,3851.39,3966.93,3735.85,3763.84,4512.68
2026-01-28,5301.6,3836.65,3951.75,3721.55,3753.27,4485.7
2026-01-27,5079.9,3821.92,3936.58,3707.27,3742.87,4458.62
2026-01-26,5079.7,3809.28,3923.56,3695.0,3733.25,4435.75
2026-01-23,4976.2,3796.51,3910.41,3682.62,3723.13,4412.24
2026-01-22,4908.8,3784.66,3898.2,3671.12,3713.09,4390.13
2026-01-21,4831.8,3773.36,3886.56,3660.16,3703.3,4369.33
2026-01-20,4759.6,3762.72,3875.6,3649.84,3694.21,4349.95
2026-01-16,4588.4,3752.7,3865.28,3640.12,3685.89,4332.9
2026-01-15,4616.3,3744.3,3856.63,3631.97,3678.65,4319.72
2026-01-14,4626.3,3735.54,3847.61,3623.47,3671.16,4306.02
2026-01-13,4589.2,3726.59,3838.38,3614.79,3663.65,4292.56
2026-01-12,4604.3,3717.92,3829.46,3606.38,3656.13,4282.5
2026-01-09,4490.3,3709.01,3820.28,3597.74,3648.41,4272.5
2026-01-08,4449.7,3701.16,3812.19,3590.12,3641.06,4262.92
2026-01-07,4449.3,3693.63,3804.44,3582.83,3633.93,4254.47
2026-01-06,4482.2,3686.04,3796.62,3575.46,3626.75,4243.22
2026-01-05,4436.9,3678.04,3788.38,3567.7,3619.43,4230.66
2026-01-02,4314.4,3670.41,3780.52,3560.3,3612.45,4219.25
2025-12-31,4325.6,3663.94,3773.86,3554.02,3606.06,4210.08
2025-12-30,4370.1,3657.29,3767.01,3547.57,3599.6,4201.95
2025-12-29,4325.1,3650.13,3759.63,3540.62,3592.75,4192.25
2025-12-26,4529.1,3643.34,3752.64,3534.04,3586.1,4184.15
2025-12-24,4480.6,3634.44,3743.47,3525.41,3578.38,4170.52
2025-12-23,4482.8,3625.94,3734.71,3517.16,3570.67,4157.66
2025-12-22,4444.6,3617.32,3725.84,3508.8,3562.82,4145.64
2025-12-19,4361.4,3609.01,3717.28,3500.74,3555.05,4137.48
2025-12-18,4339.5,3601.45,3709.49,3493.4,3547.77,4131.58
2025-12-17,4347.5,3594.03,3701.85,3486.21,3540.65,4124.21
2025-12-16,4304.5,3586.46,3694.05,3478.86,3533.49,4117.71
2025-12-15,4306.7,3579.24,3686.62,3471.86,3526.52,4118.51
2025-12-12,4300.1,3571.93,3679.09,3464.77,3519.44,4115.59
2025-12-11,4285.5,3564.61,3671.55,3457.67,3512.12,4115.09
2025-12-10,4196.4,3557.37,3664.09,3450.65,3505.11,4112.38
2025-12-09,4206.7,3550.94,3657.47,3444.42,3498.71,4110.93
2025-12-08,4187.2,3544.35,3650.68,3438.02,3492.2,4108.48
2025-12-05,4212.9,3537.89,3644.03,3431.76,3486.0,4103.2
2025-12-04,4211.8,3531.11,3637.04,3425.18,3479.63,4096.53
2025-12-03,4199.3,3524.27,3630.0,3418.54,3473.27,4092.32
2025-12-02,4186.6,3517.48,3623.01,3411.96,3466.87,4086.75
2025-12-01,4239.3,3510.76,3616.08,3405.44,3460.59,4080.8
2025-11-28,4218.3,3503.44,3608.54,3398.33,3453.81,4071.84
2025-11-26,4165.2,3496.25,3601.14,3391.36,3447.35,4062.37
2025-11-25,4139.2,3489.53,3594.21,3384.84,3441.07,4054.93
2025-11-24,4091.9,3483.0,3587.49,3378.51,3434.94,4047.47
2025-11-21,4076.7,3476.88,3581.19,3372.57,3429.05,4040.7
2025-11-20,4056.5,3470.85,3574.98,3366.73,3423.0,4033.16
2025-11-19,4077.7,3464.97,3568.91,3361.02,3417.0,4025.17
2025-11-18,4061.3,3458.81,3562.57,3355.04,3410.97,4016.53
2025-11-17,4068.3,3452.75,3556.33,3349.17,3404.93,4009.51
2025-11-14,4087.6,3446.57,3549.96,3343.17,3398.76,4001.32
2025-11-13,4186.9,3440.12,3543.33,3336.92,3392.38,3990.92
2025-11-12,4204.4,3432.62,3535.6,3329.64,3385.56,3977.34
2025-11-11,4106.8,3424.86,3527.61,3322.12,3378.39,3964.28
2025-11-10,4111.8,3418.01,3520.55,3315.47,3371.69,3953.83
2025-11-07,3999.4,3411.03,3513.37,3308.7,3364.81,3943.09
2025-11-06,3979.9,3405.12,3507.28,3302.97,3358.7,3934.34
2025-11-05,3980.3,3399.34,3501.33,3297.36,3352.62,3925.76
2025-11-04,3947.7,3393.51,3495.31,3291.7,3346.56,3917.35
2025-11-03,4000.3,3387.94,3489.57,3286.3,3340.59,3909.74
2025-10-31,3982.2,3381.78,3483.24,3280.33,3334.31,3900.68
2025-10-30,4001.3,3375.75,3477.02,3274.48,3328.13,3891.46
2025-10-29,3983.7,3369.46,3470.54,3268.38,3321.69,3880.57
2025-10-28,3966.2,3363.29,3464.19,3262.39,3315.16,3870.81
2025-10-27,4001.9,3357.23,3457.94,3256.51,3308.7,3860.39
2025-10-24,4118.4,3350.75,3451.27,3250.23,3302.23,3847.18
2025-10-23,4125.5,3343.03,3443.32,3242.74,3295.06,3830.02
2025-10-22,4044.4,3335.17,3435.22,3235.11,3287.75,3812.0
2025-10-21,4087.7,3328.04,3427.88,3228.2,3280.81,3795.6
2025-10-20,4336.4,3320.41,3420.02,3220.79,3273.57,3777.75
2025-10-17,4189.9,3310.2,3409.5,3210.89,3265.11,3753.7
2025-10-16,4280.2,3301.35,3400.4,3202.31,3257.45,3732.38
2025-10-15,4176.9,3291.52,3390.26,3192.77,3249.2,3708.96
2025-10-14,4138.7,3282.62,3381.1,3184.14,3241.34,3687.37
2025-10-13,4108.6,3274.02,3372.24,3175.79,3233.74,3667.19
2025-10-10,3975.9,3265.63,3363.6,3167.66,3226.39,3647.88
2025-10-09,3946.3,3258.49,3356.24,3160.73,3219.61,3631.86
2025-10-08,4043.3,3251.58,3349.12,3154.03,3212.94,3617.17
2025-10-07,3976.6,3243.62,3340.93,3146.31,3205.87,3599.81
2025-10-06,3948.5,3236.25,3333.34,3139.17,3198.94,3584.22
2025-10-03,3880.8,3229.09,3325.97,3132.22,3192.38,3571.49
2025-10-02,3839.7,3222.54,3319.22,3125.87,3186.2,3559.48
2025-10-01,3867.5,3216.34,3312.83,3119.85,3180.26,3547.98
2025-09-30,3840.8,3209.8,3306.09,3113.5,3174.2,3535.84
2025-09-29,3820.9,3203.46,3299.56,3107.35,3168.44,3524.18
2025-09-26,3775.3,3197.25,3293.17,3101.33,3163.0,3512.35
2025-09-25,3736.9,3191.44,3287.18,3095.7,3157.61,3500.3
2025-09-24,3732.1,3185.96,3281.54,3090.38,3152.25,3489.27
2025-09-23,3780.6,3180.47,3275.88,3085.06,3146.78,3479.06
2025-09-22,3740.7,3174.44,3269.67,3079.21,3141.01,3467.27
2025-09-19,3671.5,3168.75,3263.81,3073.69,3135.58,3457.1
2025-09-18,3643.7,3163.69,3258.61,3068.78,3130.45,3449.59
2025-09-17,3681.8,3158.87,3253.64,3064.1,3125.4,3443.35
2025-09-16,3688.9,3153.62,3248.22,3059.01,3120.28,3437.28
2025-09-15,3682.2,3148.24,3242.68,3053.79,3115.03,3430.11
2025-09-12,3649.4,3142.87,3237.15,3048.58,3109.72,3421.88
2025-09-11,3636.9,3137.78,3231.91,3043.64,3104.56,3414.15
2025-09-10,3643.6,3132.76,3226.74,3038.78,3099.93,3407.04
2025-09-09,3643.3,3127.63,3221.46,3033.8,3095.07,3399.19
2025-09-08,3638.1,3122.45,3216.12,3028.77,3090.09,3391.9
2025-09-05,3613.2,3117.26,3210.78,3023.74,3085.04,3384.84
2025-09-04,3565.8,3112.28,3205.65,3018.91,3080.02,3377.45
2025-09-03,3593.2,3107.72,3200.95,3014.49,3075.02,3371.09
2025-09-02,3549.4,3102.84,3195.93,3009.76,3069.9,3363.94
2025-08-29,3473.7,3098.35,3191.3,3005.4,3065.06,3358.51
2025-08-28,3431.8,3094.58,3187.42,3001.74,3060.69,3354.98
2025-08-27,3404.6,3091.19,3183.93,2998.46,3056.58,3352.47
2025-08-26,3388.6,3088.04,3180.68,2995.4,3053.0,3351.06
2025-08-25,3373.8,3085.02,3177.57,2992.47,3049.55,3349.76
2025-08-22,3374.4,3082.12,3174.58,2989.66,3046.02,3347.78
2025-08-21,3336.9,3079.18,3171.56,2986.81,3042.85,3345.26
2025-08-20,3343.4,3076.59,3168.89,2984.29,3039.84,3345.17
2025-08-19,3313.4,3073.91,3166.13,2981.69,3036.82,3344.77
2025-08-18,3331.7,3071.5,3163.65,2979.36,3033.94,3344.87
2025-08-15,3336.0,3068.89,3160.95,2976.82,3031.23,3346.02
2025-08-14,3335.2,3066.2,3158.19,2974.22,3028.39,3346.82
2025-08-13,3358.7,3063.5,3155.4,2971.59,3025.43,3348.18
2025-08-12,3348.9,3060.53,3152.35,2968.72,3022.34,3348.88
2025-08-11,3353.1,3057.63,3149.36,2965.91,3019.27,3350.07
2025-08-08,3439.1,3054.67,3146.31,2963.03,3016.07,3352.02
2025-08-07,3400.3,3050.8,3142.33,2959.28,3012.6,3350.57
2025-08-06,3380.0,3047.29,3138.71,2955.87,3009.21,3348.59
2025-08-05,3381.9,3043.95,3135.26,2952.63,3005.88,3347.11
2025-08-04,3374.4,3040.55,3131.77,2949.33,3002.43,3345.87
2025-08-01,3347.7,3037.19,3128.31,2946.08,2998.93,3344.58
2025-07-31,3293.2,3034.07,3125.09,2943.05,2995.49,3344.65
2025-07-30,3295.8,3031.47,3122.41,2940.52,2992.27,3346.66
2025-07-29,3323.4,3028.81,3119.68,2937.95,2989.08,3348.02
2025-07-28,3309.1,3025.85,3116.63,2935.08,2985.56,3349.2
2025-07-25,3334.0,3023.0,3113.69,2932.31,2982.05,3348.69
2025-07-24,3371.0,3019.88,3110.48,2929.28,2978.45,3348.27
2025-07-23,3394.1,3016.35,3106.84,2925.86,2974.82,3346.34
2025-07-22,3439.2,3012.55,3102.93,2922.18,2971.08,3343.96
2025-07-21,3401.9,3008.27,3098.51,2918.02,2967.17,3342.07
2025-07-18,3353.0,3004.31,3094.44,2914.18,2963.4,3339.33
2025-07-17,3340.1,3000.8,3090.83,2910.78,2959.97,3338.24
2025-07-16,3352.5,2997.39,3087.32,2907.47,2956.45,3336.75
2025-07-15,3329.8,2993.83,3083.64,2904.01,2952.91,3333.66
2025-07-14,3351.5,2990.45,3080.16,2900.74,2949.61,3329.96
2025-07-11,3356.0,2986.82,3076.43,2897.22,2946.15,3326.69
2025-07-10,3317.4,2983.11,3072.6,2893.62,2942.62,3322.32
2025-07-09,3311.6,2979.75,3069.14,2890.36,2939.17,3320.4
2025-07-08,3307.0,2976.42,3065.71,2887.12,2935.71,3318.11
2025-07-07,3332.2,2973.09,3062.29,2883.9,2932.11,3318.82
2025-07-04,3332.5,2969.48,3058.57,2880.4,2928.31,3317.93
2025-07-03,3331.6,2965.84,3054.81,2876.86,2924.46,3319.15
2025-07-02,3348.0,2962.16,3051.02,2873.29,2920.71,3321.14
2025-07-01,3336.7,2958.28,3047.03,2869.53,2916.88,3320.23
2025-06-30,3294.4,2954.48,3043.11,2865.84,2912.95,3317.61
2025-06-27,3273.7,2951.06,3039.59,2862.53,2909.04,3315.5
2025-06-26,3333.5,2947.82,3036.25,2859.39,2905.23,3316.28
2025-06-25,3327.1,2943.94,3032.26,2855.63,2901.07,3315.91
2025-06-24,3317.4,2940.09,3028.3,2851.89,2896.9,3316.05
2025-06-23,3377.7,2936.3,3024.39,2848.21,2892.87,3315.17
2025-06-20,3368.1,2931.86,3019.82,2843.91,2888.45,3314.03
2025-06-18,3389.8,2927.48,3015.3,2839.66,2884.06,3311.73
2025-06-17,3386.6,2922.83,3010.52,2835.15,2879.58,3312.01
2025-06-16,3396.4,2918.17,3005.72,2830.63,2875.28,3312.5
2025-06-13,3431.2,2913.37,3000.77,2825.97,2870.8,3310.31
2025-06-12,3380.9,2908.16,2995.41,2820.92,2866.22,3307.69
2025-06-11,3321.3,2903.41,2990.51,2816.31,2861.91,3303.64
2025-06-10,3320.9,2899.21,2986.19,2812.23,2857.84,3300.72
2025-06-09,3332.1,2894.97,2981.82,2808.12,2853.63,3298.26
2025-06-06,3322.7,2890.58,2977.3,2803.86,2849.51,3293.83
2025-06-05,3350.7,2886.24,2972.82,2799.65,2845.46,3287.18
2025-06-04,3373.5,2881.57,2968.02,2795.12,2841.21,3277.62
2025-06-03,3350.2,2876.62,2962.92,2790.33,2836.84,3267.07
2025-06-02,3370.6,2871.87,2958.02,2785.71,2832.35,3258.61
2025-05-30,3288.9,2866.85,2952.86,2780.85,2827.7,3251.77
2025-05-29,3317.1,2862.61,2948.49,2776.73,2823.58,3248.05
2025-05-28,3293.6,2858.04,2943.78,2772.3,2819.31,3243.09
2025-05-27,3299.1,2853.67,2939.28,2768.06,2815.0,3238.82
2025-05-23,3363.6,2849.19,2934.66,2763.71,2810.62,3233.51
2025-05-22,3292.3,2844.02,2929.34,2758.7,2805.75,3225.92
2025-05-21,3309.3,2839.51,2924.7,2754.33,2801.24,3219.14
2025-05-20,3280.3,2834.79,2919.84,2749.75,2796.7,3212.0
2025-05-19,3228.9,2830.32,2915.22,2745.41,2792.43,3205.32
2025-05-16,3182.0,2826.31,2911.1,2741.52,2788.46,3200.05
2025-05-15,3220.7,2822.73,2907.42,2738.05,2784.68,3196.5
2025-05-14,3181.4,2818.73,2903.3,2734.17,2780.6,3191.88
2025-05-13,3240.3,2815.09,2899.54,2730.64,2776.58,3188.22
2025-05-12,3220.0,2810.82,2895.14,2726.49,2772.28,3182.21
2025-05-09,3335.4,2806.7,2890.91,2722.5,2767.94,3176.58
2025-05-08,3296.6,2801.39,2885.43,2717.35,2763.33,3167.8
2025-05-07,3381.4,2796.41,2880.31,2712.52,2758.87,3158.86
2025-05-06,3411.4,2790.53,2874.25,2706.82,2753.92,3147.15
2025-05-05,3311.3,2784.29,2867.82,2700.77,2748.84,3134.14
2025-05-02,3231.9,2779.0,2862.37,2695.63,2744.54,3123.97
2025-05-01,3210.0,2774.45,2857.68,2691.21,2740.66,3116.09
2025-04-30,3305.0,2770.07,2853.17,2686.97,2736.92,3108.72
2025-04-29,3318.8,2764.69,2847.63,2681.75,2732.51,3098.84
2025-04-28,3332.5,2759.12,2841.9,2676.35,2727.99,3088.12
2025-04-25,3282.4,2753.36,2835.96,2670.76,2723.4,3075.73
2025-04-24,3332.0,2748.04,2830.49,2665.6,2718.85,3065.75
2025-04-23,3276.3,2742.18,2824.44,2659.91,2713.99,3055.37
2025-04-22,3400.8,2736.81,2818.91,2654.7,2709.38,3046.08
2025-04-21,3406.2,2730.13,2812.04,2648.23,2704.32,3034.75
2025-04-17,3308.7,2723.34,2805.04,2641.64,2699.09,3023.04
2025-04-16,3326.6,2717.46,2798.98,2635.93,2694.16,3013.82
2025-04-15,3218.7,2711.33,2792.67,2629.99,2689.17,3003.64
2025-04-14,3204.8,2706.23,2787.42,2625.05,2684.71,2996.46
2025-04-11,3222.2,2701.22,2782.26,2620.19,2680.31,2988.43
2025-04-10,3155.2,2695.99,2776.87,2615.11,2675.69,2981.03
2025-04-09,3056.5,2691.37,2772.11,2610.63,2671.5,2974.87
2025-04-08,2968.4,2687.7,2768.33,2607.07,2667.87,2971.27
2025-04-07,2951.3,2684.88,2765.43,2604.34,2664.61,2969.92
2025-04-04,3012.0,2682.2,2762.67,2601.74,2661.62,2967.82
2025-04-03,3097.0,2678.89,2759.26,2598.52,2658.21,2963.92
2025-04-02,3139.9,2674.69,2754.93,2594.45,2654.29,2958.29
2025-04-01,3118.9,2670.01,2750.11,2589.91,2650.25,2951.12
2025-03-31,3122.8,2665.5,2745.47,2585.54,2646.15,2944.0
2025-03-28,3086.5,2660.91,2740.73,2581.08,2642.22,2936.24
2025-03-27,3060.2,2656.63,2736.33,2576.93,2638.33,2929.65
2025-03-26,3020.9,2652.57,2732.15,2572.99,2634.56,2922.37
2025-03-25,3023.7,2648.87,2728.34,2569.4,2630.98,2916.02
2025-03-24,3013.1,2645.1,2724.46,2565.75,2627.72,2908.87
2025-03-21,3018.2,2641.4,2720.65,2562.16,2624.42,2902.97
2025-03-20,3040.0,2637.62,2716.75,2558.49,2620.96,2896.59
2025-03-19,3035.9,2633.57,2712.58,2554.57,2617.49,2889.78
2025-03-18,3035.1,2629.53,2708.42,2550.64,2613.93,2882.76
2025-03-17,3000.0,2625.45,2704.22,2546.69,2610.47,2875.49
2025-03-14,2994.5,2621.69,2700.34,2543.04,2607.17,2869.15
2025-03-13,2984.3,2617.94,2696.48,2539.4,2603.97,2862.1
2025-03-12,2939.1,2614.26,2692.69,2535.83,2600.71,2854.43
2025-03-11,2912.9,2611.0,2689.33,2532.67,2597.69,2847.79
2025-03-10,2891.0,2607.96,2686.2,2529.72,2595.07,2842.68
2025-03-07,2904.7,2605.12,2683.27,2526.96,2592.73,2837.5
2025-03-06,2916.6,2602.11,2680.17,2524.04,2590.37,2831.5
2025-03-05,2915.3,2598.95,2676.91,2520.98,2587.85,2825.0
2025-03-04,2909.6,2595.77,2673.64,2517.89,2585.17,2818.08
2025-03-03,2890.2,2592.61,2670.39,2514.83,2582.57,2811.46
2025-02-28,2836.8,2589.62,2667.31,2511.93,2579.89,2805.68
2025-02-27,2883.2,2587.14,2664.75,2509.52,2577.38,2800.49
2025-02-26,2916.8,2584.16,2661.69,2506.64,2574.8,2793.56
2025-02-25,2904.5,2580.82,2658.24,2503.39,2571.88,2786.07
2025-02-24,2947.9,2577.57,2654.89,2500.24,2568.92,2779.43
2025-02-21,2937.6,2573.84,2651.06,2496.63,2565.76,2771.23
2025-02-20,2940.0,2570.19,2647.29,2493.08,2562.68,2763.1
2025-02-19,2919.4,2566.47,2643.47,2489.48,2559.48,2755.32
2025-02-18,2931.6,2562.92,2639.81,2486.04,2556.37,2747.14
2025-02-14,2883.6,2559.22,2636.0,2482.44,2553.22,2739.76
2025-02-13,2925.9,2555.96,2632.64,2479.28,2550.26,2733.78
2025-02-12,2909.0,2552.24,2628.81,2475.67,2547.35,2726.92
2025-02-11,2912.5,2548.65,2625.11,2472.2,2544.48,2720.59
2025-02-10,2914.3,2545.0,2621.35,2468.65,2541.57,2714.97
2025-02-07,2867.3,2541.29,2617.53,2465.05,2538.62,2710.45
2025-02-06,2856.0,2538.01,2614.15,2461.87,2535.92,2706.21
2025-02-05,2871.6,2534.81,2610.86,2458.77,2533.3,2701.43
2025-02-04,2853.3,2531.43,2607.37,2455.49,2530.94,2695.61
2025-02-03,2833.9,2528.19,2604.04,2452.35,2528.58,2689.94
2025-01-31,2812.5,2525.12,2600.88,2449.37,2526.27,2685.44
2025-01-30,2823.0,2522.23,2597.9,2446.57,2524.16,2681.24
2025-01-29,2769.1,2519.21,2594.79,2443.63,2521.88,2676.54
2025-01-28,2766.8,2516.7,2592.2,2441.2,2519.81,2673.74
2025-01-27,2737.5,2514.19,2589.61,2438.76,2517.75,2670.56
2025-01-24,2777.3,2511.94,2587.3,2436.58,2515.71,2667.63
2025-01-23,2763.1,2509.27,2584.55,2434.0,2513.54,2663.62
2025-01-22,2767.6,2506.72,2581.93,2431.52,2511.39,2662.29
2025-01-21,2755.0,2504.1,2579.23,2428.98,2509.18,2659.9
2025-01-17,2744.3,2501.58,2576.63,2426.53,2506.85,2657.23
2025-01-16,2746.4,2499.14,2574.12,2424.17,2504.6,2654.3
2025-01-15,2712.5,2496.66,2571.56,2421.76,2502.17,2650.91
2025-01-14,2677.5,2494.49,2569.32,2419.65,2499.79,2647.24
2025-01-13,2673.5,2492.65,2567.43,2417.87,2497.49,2644.51
2025-01-10,2708.5,2490.83,2565.55,2416.1,2495.07,2642.19
2025-01-09,2683.8,2488.64,2563.3,2413.98,2492.41,2639.48
2025-01-08,2664.5,2486.68,2561.28,2412.08,2489.86,2637.66
2025-01-07,2656.7,2484.89,2559.44,2410.35,2487.33,2638.24
2025-01-06,2638.4,2483.17,2557.66,2408.67,2484.96,2639.28
2025-01-03,2645.0,2481.61,2556.06,2407.16,2482.56,2640.01
2025-01-02,2658.9,2479.96,2554.36,2405.57,2480.11,2642.39
2024-12-31,2629.2,2478.17,2552.51,2403.82,2477.62,2644.32
2024-12-30,2606.1,2476.65,2550.95,2402.35,2475.26,2647.06
2024-12-27,2617.2,2475.35,2549.61,2401.09,2473.05,2650.36
2024-12-26,2638.8,2473.92,2548.14,2399.7,2470.84,2654.65
2024-12-24,2620.0,2472.26,2546.43,2398.1,2468.45,2657.89
2024-12-23,2612.3,2470.78,2544.9,2396.66,2466.26,2660.96
2024-12-20,2628.7,2469.36,2543.44,2395.28,2464.09,2664.17
2024-12-19,2592.2,2467.76,2541.79,2393.72,2461.74,2666.83
2024-12-18,2636.5,2466.51,2540.5,2392.51,2459.53,2669.88
2024-12-17,2644.4,2464.8,2538.74,2390.85,2457.01,2672.57
2024-12-16,2651.4,2462.99,2536.88,2389.1,2454.38,2674.54
2024-12-13,2656.0,2461.1,2534.93,2387.27,2451.56,2676.1
2024-12-12,2687.5,2459.14,2532.91,2385.37,2448.51,2676.98
2024-12-11,2733.8,2456.84,2530.55,2383.14,2445.23,2676.64
2024-12-10,2697.6,2454.06,2527.68,2380.44,2441.73,2674.83
2024-12-09,2664.9,2451.61,2525.16,2378.07,2438.39,2673.58
2024-12-06,2638.6,2449.47,2522.95,2375.99,2435.26,2673.4
2024-12-05,2626.6,2447.57,2521.0,2374.14,2432.16,2672.95
2024-12-04,2653.8,2445.77,2519.14,2372.4,2429.14,2672.43
2024-12-03,2644.7,2443.68,2516.99,2370.37,2426.01,2671.46
2024-12-02,2634.9,2441.66,2514.91,2368.41,2422.84,2671.47
2024-11-29,2657.0,2439.72,2512.91,2366.53,2419.68,2671.74
2024-11-27,2639.9,2437.53,2510.66,2364.41,2416.35,2671.74
2024-11-26,2620.3,2435.5,2508.56,2362.43,2413.11,2671.92
2024-11-25,2616.8,2433.64,2506.65,2360.63,2410.1,2673.1
2024-11-22,2709.9,2431.8,2504.75,2358.85,2407.13,2673.58
2024-11-21,2672.1,2429.01,2501.88,2356.14,2403.75,2671.94
2024-11-20,2648.2,2426.56,2499.36,2353.77,2400.56,2671.89
2024-11-19,2627.1,2424.34,2497.07,2351.61,2397.49,2672.16
2024-11-18,2610.6,2422.3,2494.97,2349.63,2394.49,2672.76
2024-11-15,2565.7,2420.4,2493.02,2347.79,2391.61,2673.16
2024-11-14,2568.2,2418.94,2491.51,2346.38,2389.05,2674.52
2024-11-13,2580.8,2417.44,2489.97,2344.92,2386.45,2675.01
2024-11-12,2600.0,2415.8,2488.28,2343.33,2383.7,2674.76
2024-11-11,2611.2,2413.95,2486.37,2341.53,2380.83,2673.87
2024-11-08,2687.5,2411.97,2484.33,2339.61,2377.86,2673.1
2024-11-07,2698.4,2409.2,2481.48,2336.92,2374.5,2670.44
2024-11-06,2667.6,2406.29,2478.48,2334.1,2371.08,2666.76
2024-11-05,2740.3,2403.67,2475.78,2331.56,2367.86,2662.87
2024-11-04,2736.1,2400.28,2472.29,2328.28,2364.26,2657.17
2024-11-01,2738.6,2396.91,2468.82,2325.0,2360.71,2651.32
2024-10-31,2738.3,2393.47,2465.28,2321.67,2357.11,2645.19
2024-10-30,2788.5,2390.01,2461.71,2318.31,2353.43,2639.51
2024-10-29,2768.4,2386.0,2457.58,2314.42,2349.62,2632.14
2024-10-28,2742.9,2382.16,2453.63,2310.7,2346.01,2625.17
2024-10-25,2740.9,2378.54,2449.89,2307.18,2342.37,2618.95
2024-10-24,2734.9,2374.89,2446.14,2303.65,2338.77,2613.57
2024-10-23,2714.4,2371.28,2442.41,2300.14,2335.23,2607.72
2024-10-22,2744.2,2367.83,2438.86,2296.79,2331.79,2602.76
2024-10-21,2723.1,2364.04,2434.97,2293.12,2328.28,2597.1
2024-10-18,2713.7,2360.44,2431.25,2289.62,2324.88,2591.73
2024-10-17,2691.0,2356.89,2427.59,2286.18,2321.48,2585.86
2024-10-16,2674.0,2353.53,2424.13,2282.92,2318.35,2581.29
2024-10-15,2661.4,2350.31,2420.82,2279.8,2315.29,2577.23
2024-10-14,2647.8,2347.18,2417.6,2276.76,2312.35,2573.24
2024-10-11,2657.6,2344.16,2414.48,2273.83,2309.52,2569.51
2024-10-10,2620.6,2341.01,2411.24,2270.78,2306.53,2564.4
2024-10-09,2606.0,2338.2,2408.34,2268.05,2303.71,2559.86
2024-10-08,2615.0,2335.51,2405.57,2265.44,2300.87,2556.38
2024-10-07,2644.8,2332.7,2402.68,2262.72,2297.97,2552.57
2024-10-04,2645.8,2329.56,2399.45,2259.67,2294.94,2547.25
2024-10-03,2657.1,2326.38,2396.17,2256.59,2291.84,2541.66
2024-10-02,2647.1,2323.06,2392.75,2253.37,2288.66,2534.99
2024-10-01,2667.3,2319.8,2389.4,2250.21,2285.58,2528.54
2024-09-30,2636.1,2316.31,2385.8,2246.82,2282.15,2521.9
2024-09-27,2644.3,2313.1,2382.49,2243.7,2278.86,2516.64
2024-09-26,2669.9,2309.77,2379.06,2240.47,2275.53,2511.41
2024-09-25,2659.2,2306.15,2375.33,2236.96,2272.17,2505.33
2024-09-24,2651.2,2302.6,2371.68,2233.52,2269.03,2498.97
2024-09-23,2626.5,2299.1,2368.07,2230.12,2265.92,2492.12
2024-09-20,2619.9,2295.81,2364.68,2226.93,2262.88,2485.96
2024-09-19,2588.0,2292.55,2361.33,2223.77,2259.9,2479.26
2024-09-18,2570.7,2289.58,2358.27,2220.89,2257.32,2474.89
2024-09-17,2564.3,2286.75,2355.36,2218.15,2254.66,2470.74
2024-09-16,2580.4,2283.96,2352.48,2215.45,2252.07,2466.43
2024-09-13,2581.3,2280.99,2349.42,2212.56,2249.37,2461.81
2024-09-12,2551.2,2277.97,2346.31,2209.63,2246.52,2458.57
2024-09-11,2512.1,2275.22,2343.48,2206.96,2243.77,2456.16
2024-09-10,2512.3,2272.84,2341.03,2204.66,2241.17,2454.92
2024-09-09,2501.8,2270.43,2338.55,2202.32,2238.6,2452.69
2024-09-06,2493.5,2268.11,2336.15,2200.07,2235.98,2450.49
2024-09-05,2511.4,2265.84,2333.82,2197.87,2233.42,2448.53
2024-09-04,2493.4,2263.38,2331.28,2195.47,2230.79,2445.05
2024-09-03,2489.9,2261.06,2328.9,2193.23,2228.12,2441.72
2024-08-30,2493.8,2258.76,2326.53,2191.0,2225.48,2438.35
2024-08-29,2525.7,2256.4,2324.09,2188.71,2222.74,2435.72
2024-08-28,2501.0,2253.7,2321.31,2186.08,2219.77,2431.57
2024-08-27,2516.0,2251.21,2318.75,2183.67,2217.09,2427.12
2024-08-26,2517.7,2248.55,2316.01,2181.09,2214.27,2422.41
2024-08-23,2508.4,2245.84,2313.22,2178.47,2211.51,2417.66
2024-08-22,2478.9,2243.2,2310.5,2175.91,2208.88,2413.06
2024-08-21,2508.4,2240.84,2308.06,2173.61,2206.44,2408.57
2024-08-20,2511.3,2238.15,2305.29,2171.0,2203.83,2403.78
2024-08-19,2501.8,2235.4,2302.46,2168.34,2201.16,2399.24
2024-08-16,2498.6,2232.72,2299.71,2165.74,2198.58,2394.61
2024-08-15,2453.1,2230.05,2296.95,2163.15,2196.07,2390.99
2024-08-14,2439.4,2227.81,2294.64,2160.98,2193.75,2387.92
2024-08-13,2466.7,2225.68,2292.45,2158.91,2191.49,2384.74
2024-08-12,2462.4,2223.26,2289.96,2156.56,2189.07,2381.36
2024-08-09,2432.1,2220.86,2287.48,2154.23,2186.64,2377.31
2024-08-08,2422.2,2218.74,2285.3,2152.17,2184.36,2374.9
2024-08-07,2390.5,2216.69,2283.19,2150.19,2182.16,2372.04
2024-08-06,2389.1,2214.94,2281.39,2148.5,2180.05,2369.97
2024-08-05,2401.7,2213.19,2279.59,2146.8,2177.88,2367.87
2024-08-02,2425.7,2211.3,2277.64,2144.96,2175.48,2367.08
2024-08-01,2435.0,2209.14,2275.42,2142.87,2172.96,2365.29
2024-07-31,2426.5,2206.87,2273.08,2140.67,2170.42,2362.56
2024-07-30,2405.0,2204.67,2270.81,2138.53,2167.64,2360.56
2024-07-29,2377.3,2202.65,2268.73,2136.57,2164.98,2358.51
2024-07-26,2380.0,2200.9,2266.93,2134.87,2162.39,2357.65
2024-07-25,2351.9,2199.1,2265.07,2133.13,2159.74,2356.65
2024-07-24,2413.3,2197.56,2263.49,2131.64,2157.13,2356.74
2024-07-23,2404.6,2195.39,2261.26,2129.53,2154.15,2354.72
2024-07-22,2392.0,2193.29,2259.09,2127.49,2151.22,2352.98
2024-07-19,2395.5,2191.29,2257.03,2125.56,2148.38,2352.91
2024-07-18,2451.8,2189.24,2254.92,2123.56,2145.56,2353.56
2024-07-17,2454.8,2186.6,2252.2,2121.01,2142.54,2353.11
2024-07-16,2462.4,2183.91,2249.43,2118.39,2139.56,2352.05
2024-07-15,2422.9,2181.11,2246.54,2115.68,2136.61,2349.99
2024-07-12,2414.0,2178.68,2244.04,2113.32,2134.0,2349.13
2024-07-11,2415.0,2176.31,2241.6,2111.02,2131.51,2347.62
2024-07-10,2372.2,2173.92,2239.13,2108.7,2129.06,2345.65
2024-07-09,2360.1,2171.92,2237.08,2106.76,2126.8,2345.52
2024-07-08,2355.2,2170.03,2235.13,2104.93,2124.73,2344.82
2024-07-05,2388.5,2168.17,2233.22,2103.12,2122.61,2343.78
2024-07-03,2359.8,2165.96,2230.93,2100.98,2120.32,2341.95
2024-07-02,2323.0,2164.01,2228.93,2099.09,2118.14,2341.0
2024-07-01,2327.6,2162.41,2227.28,2097.54,2116.08,2340.4
2024-06-28,2327.7,2160.75,2225.57,2095.93,2113.99,2339.69
2024-06-27,2324.5,2159.07,2223.84,2094.3,2111.9,2338.99
2024-06-26,2299.2,2157.41,2222.13,2092.69,2109.9,2338.16
2024-06-25,2316.6,2155.98,2220.66,2091.3,2107.99,2339.32
2024-06-24,2330.0,2154.37,2219.0,2089.74,2106.0,2339.77
2024-06-21,2316.4,2152.6,2217.18,2088.03,2103.94,2339.77
2024-06-20,2353.8,2150.96,2215.49,2086.43,2101.99,2339.97
2024-06-18,2330.4,2148.92,2213.39,2084.45,2099.92,2339.32
2024-06-17,2312.4,2147.1,2211.51,2082.68,2097.96,2339.36
2024-06-14,2331.4,2145.43,2209.8,2081.07,2096.12,2341.51
2024-06-13,2300.2,2143.57,2207.87,2079.26,2094.14,2342.79
2024-06-12,2336.0,2141.99,2206.25,2077.73,2092.23,2344.57
2024-06-11,2307.5,2140.04,2204.24,2075.84,2090.11,2345.94
2024-06-10,2307.7,2138.36,2202.51,2074.21,2088.16,2347.4
2024-06-07,2305.2,2136.66,2200.76,2072.56,2086.21,2348.61
2024-06-06,2370.3,2134.96,2199.01,2070.91,2084.17,2349.85
2024-06-05,2354.1,2132.6,2196.58,2068.62,2081.79,2348.84
2024-06-04,2325.5,2130.37,2194.28,2066.46,2079.45,2348.57
2024-06-03,2346.6,2128.41,2192.26,2064.56,2077.24,2348.73
2024-05-31,2322.9,2126.22,2190.0,2062.43,2074.99,2348.2
2024-05-30,2342.9,2124.24,2187.97,2060.51,2072.88,2347.35
2024-05-29,2340.3,2122.04,2185.7,2058.38,2070.72,2346.14
2024-05-28,2355.2,2119.85,2183.44,2056.25,2068.59,2344.16
2024-05-24,2332.5,2117.48,2181.01,2053.96,2066.38,2341.19
2024-05-23,2335.0,2115.32,2178.78,2051.86,2064.3,2338.31
2024-05-22,2389.2,2113.12,2176.51,2049.72,2062.24,2334.7
2024-05-21,2421.7,2110.34,2173.65,2047.03,2059.96,2329.36
2024-05-20,2433.9,2107.21,2170.43,2044.0,2057.55,2323.19
2024-05-17,2412.2,2103.93,2167.05,2040.81,2055.04,2316.3
2024-05-16,2380.0,2100.83,2163.85,2037.8,2052.67,2310.55
2024-05-15,2388.7,2098.02,2160.96,2035.08,2050.47,2305.0
2024-05-14,2353.4,2095.1,2157.96,2032.25,2048.38,2299.19
2024-05-13,2336.1,2092.51,2155.28,2029.73,2046.42,2294.37
2024-05-10,2367.3,2090.06,2152.76,2027.36,2044.46,2289.9
2024-05-09,2332.1,2087.27,2149.89,2024.65,2042.47,2284.79
2024-05-08,2313.6,2084.81,2147.36,2022.27,2040.62,2280.87
2024-05-07,2315.2,2082.51,2144.99,2020.04,2038.85,2277.04
2024-05-06,2321.6,2080.17,2142.58,2017.77,2037.1,2273.73
2024-05-03,2299.0,2077.75,2140.08,2015.41,2035.33,2270.15
2024-05-02,2299.2,2075.52,2137.79,2013.26,2033.73,2266.63
2024-05-01,2299.9,2073.28,2135.47,2011.08,2032.12,2262.9
2024-04-30,2291.4,2071.0,2133.13,2008.87,2030.38,2258.74
2024-04-29,2345.4,2068.78,2130.85,2006.72,2028.72,2254.4
2024-04-26,2334.8,2066.0,2127.98,2004.02,2026.79,2247.94
2024-04-25,2329.8,2063.3,2125.2,2001.4,2024.9,2240.71
2024-04-24,2324.5,2060.62,2122.44,1998.8,2022.91,2233.29
2024-04-23,2327.7,2057.97,2119.71,1996.23,2020.91,2226.03
2024-04-22,2332.2,2055.26,2116.92,1993.6,2018.9,2218.55
2024-04-19,2398.4,2052.48,2114.05,1990.9,2016.78,2211.21
2024-04-18,2382.3,2049.0,2110.47,1987.53,2014.39,2201.74
2024-04-17,2371.7,2045.65,2107.02,1984.28,2012.09,2192.74
2024-04-16,2390.8,2042.37,2103.64,1981.1,2009.83,2184.14
2024-04-15,2365.8,2038.87,2100.04,1977.71,2007.42,2174.65
2024-04-12,2356.2,2035.59,2096.65,1974.52,2005.16,2165.56
2024-04-11,2354.8,2032.36,2093.33,1971.39,2002.95,2156.41
2024-04-10,2329.6,2029.12,2090.0,1968.25,2000.79,2147.37
2024-04-09,2343.5,2026.1,2086.89,1965.32,1998.74,2139.58
2024-04-08,2331.7,2022.91,2083.6,1962.23,1996.58,2131.58
2024-04-05,2325.7,2019.81,2080.4,1959.22,1994.59,2124.09
2024-04-04,2288.8,2016.74,2077.24,1956.23,1992.64,2116.83
2024-04-03,2294.4,2014.0,2074.42,1953.58,1990.99,2110.47
2024-04-02,2261.0,2011.18,2071.52,1950.85,1989.31,2103.75
2024-04-01,2236.5,2008.67,2068.93,1948.41,1987.78,2098.13
2024-03-28,2217.4,2006.38,2066.57,1946.19,1986.32,2093.54
2024-03-27,2190.6,2004.26,2064.39,1944.13,1985.01,2089.32
2024-03-26,2175.6,2002.39,2062.46,1942.32,1983.87,2085.34
2024-03-25,2174.8,2000.65,2060.67,1940.63,1982.81,2081.58
2024-03-22,2158.1,1998.9,2058.87,1938.93,1981.65,2077.63
2024-03-21,2182.4,1997.3,2057.22,1937.38,1980.68,2074.1
2024-03-20,2157.9,1995.44,2055.3,1935.58,1979.56,2069.89
2024-03-19,2156.3,1993.81,2053.62,1933.99,1978.53,2066.53
2024-03-18,2160.7,1992.17,2051.94,1932.41,1977.64,2063.12
2024-03-15,2157.3,1990.48,2050.19,1930.76,1976.66,2059.76
2024-03-14,2163.0,1988.8,2048.47,1929.14,1975.66,2056.3
2024-03-13,2175.4,1987.05,2046.66,1927.44,1974.57,2052.29
2024-03-12,2160.4,1985.16,2044.71,1925.6,1973.4,2048.55
2024-03-11,2182.5,1983.4,2042.9,1923.9,1972.42,2045.71
2024-03-08,2178.6,1981.4,2040.84,1921.95,1971.37,2041.5
2024-03-07,2158.0,1979.41,2038.8,1920.03,1970.35,2037.58
2024-03-06,2150.3,1977.62,2036.95,1918.29,1969.45,2034.29
2024-03-05,2133.5,1975.88,2035.16,1916.61,1968.48,2031.2
2024-03-04,2117.7,1974.3,2033.53,1915.07,1967.72,2028.92
2024-03-01,2086.9,1972.86,2032.04,1913.67,1967.07,2027.04
2024-02-29,2045.7,1971.71,2030.86,1912.56,1966.73,2025.72
2024-02-28,2033.0,1970.97,2030.1,1911.84,1966.57,2026.19
2024-02-27,2034.0,1970.35,2029.46,1911.23,1966.48,2026.92
2024-02-26,2028.5,1969.71,2028.8,1910.61,1966.46,2027.92
2024-02-23,2038.6,1969.11,2028.19,1910.04,1966.5,2029.25
2024-02-22,2019.7,1968.42,2027.47,1909.36,1966.44,2029.74
2024-02-21,2022.3,1967.9,2026.94,1908.86,1966.43,2030.68
2024-02-20,2027.5,1967.35,2026.37,1908.33,1966.56,2031.1
2024-02-16,2011.5,1966.75,2025.75,1907.75,1966.56,2031.27
2024-02-15,2002.1,1966.3,2025.29,1907.31,1966.58,2031.95
2024-02-14,1990.3,1965.94,2024.92,1906.96,1966.48,2032.55
2024-02-13,1992.9,1965.7,2024.67,1906.72,1966.48,2033.32
2024-02-12,2018.2,1965.42,2024.38,1906.46,1966.47,2034.25
2024-02-09,2023.3,1964.89,2023.84,1905.94,1966.3,2033.36
2024-02-08,2032.2,1964.3,2023.23,1905.38,1966.16,2032.22
2024-02-07,2035.2,1963.62,2022.53,1904.71,1965.94,2030.86
2024-02-06,2034.5,1962.9,2021.79,1904.02,1965.66,2029.94
2024-02-05,2025.7,1962.18,2021.05,1903.32,1965.53,2029.83
2024-02-02,2036.1,1961.54,2020.39,1902.7,1965.38,2029.95
2024-02-01,2053.0,1960.8,2019.62,1901.97,1965.23,2029.51
2024-01-31,2048.4,1959.87,2018.66,1901.07,1964.94,2028.78
2024-01-30,2031.5,1958.98,2017.75,1900.21,1964.71,2029.35
2024-01-29,2025.2,1958.25,2017.0,1899.5,1964.76,2029.51
2024-01-26,2016.8,1957.58,2016.3,1898.85,1964.68,2030.06
2024-01-25,2016.9,1956.98,2015.69,1898.27,1964.62,2030.63
2024-01-24,2013.9,1956.38,2015.07,1897.69,1964.49,2030.51
2024-01-23,2023.7,1955.8,2014.48,1897.13,1964.48,2030.21
2024-01-22,2019.8,1955.12,2013.77,1896.47,1964.46,2029.41
2024-01-19,2026.5,1954.47,2013.1,1895.84,1964.47,2028.89
2024-01-18,2018.6,1953.75,2012.36,1895.13,1964.26,2027.67
2024-01-17,2002.6,1953.09,2011.69,1894.5,1964.01,2026.75
2024-01-16,2026.0,1952.6,2011.17,1894.02,1963.9,2026.28
2024-01-12,2046.7,1951.86,2010.41,1893.3,1963.6,2024.63
2024-01-11,2014.3,1950.91,2009.43,1892.38,1963.23,2022.51
2024-01-10,2021.7,1950.27,2008.78,1891.76,1962.92,2020.79
2024-01-09,2026.4,1949.55,2008.04,1891.06,1962.72,2018.56
2024-01-08,2026.6,1948.78,2007.24,1890.31,1962.56,2017.01
2024-01-05,2042.4,1948.0,2006.44,1889.56,1962.16,2015.13
2024-01-04,2042.3,1947.05,2005.46,1888.64,1961.64,2013.24
2024-01-03,2034.2,1946.09,2004.47,1887.71,1961.32,2011.72
2024-01-02,2064.4,1945.2,2003.56,1886.85,1961.0,2010.66
2023-12-29,2062.4,1944.01,2002.33,1885.69,1960.27,2008.69
2023-12-28,2073.9,1942.82,2001.1,1884.53,1959.6,2006.6
2023-12-27,2081.9,1941.5,1999.74,1883.25,1958.76,2004.38
2023-12-26,2058.2,1940.09,1998.29,1881.88,1957.91,2002.24
2023-12-22,2057.1,1938.9,1997.07,1880.73,1956.92,2000.5
2023-12-21,2039.1,1937.71,1995.84,1879.58,1955.79,1998.75
2023-12-20,2034.5,1936.69,1994.79,1878.59,1954.65,1997.37
2023-12-19,2038.4,1935.71,1993.78,1877.64,1953.55,1995.89
2023-12-18,2026.3,1934.68,1992.72,1876.64,1952.6,1994.33
2023-12-15,2021.1,1933.76,1991.77,1875.75,1951.71,1993.24
2023-12-14,2030.2,1932.88,1990.87,1874.89,1950.77,1991.92
2023-12-13,1982.3,1931.9,1989.86,1873.94,1949.8,1990.05
2023-12-12,1977.8,1931.4,1989.34,1873.45,1949.04,1988.56
2023-12-11,1978.0,1930.93,1988.86,1873.0,1948.23,1987.14
2023-12-08,1998.3,1930.46,1988.37,1872.54,1947.39,1985.88
2023-12-07,2029.9,1929.77,1987.67,1871.88,1946.49,1982.65
2023-12-06,2030.5,1928.77,1986.63,1870.9,1945.5,1978.72
2023-12-05,2018.5,1927.75,1985.58,1869.91,1944.51,1974.49
2023-12-04,2024.1,1926.83,1984.64,1869.03,1943.62,1970.26
2023-12-01,2071.0,1925.86,1983.63,1868.08,1942.71,1965.41
2023-11-30,2038.1,1924.4,1982.13,1866.67,1941.52,1959.05
2023-11-29,2047.1,1923.25,1980.95,1865.56,1940.6,1953.56
2023-11-28,2039.7,1922.01,1979.67,1864.35,1939.63,1948.0
2023-11-27,2011.8,1920.83,1978.45,1863.2,1938.74,1942.76
2023-11-24,2002.2,1919.91,1977.51,1862.32,1938.02,1938.67
2023-11-22,1991.4,1919.09,1976.66,1861.51,1937.39,1935.12
2023-11-21,1999.3,1918.36,1975.91,1860.81,1936.79,1932.13
2023-11-20,1977.7,1917.55,1975.07,1860.02,1936.13,1929.65
2023-11-17,1981.6,1916.94,1974.45,1859.43,1935.55,1928.13
2023-11-16,1983.9,1916.29,1973.78,1858.8,1935.23,1926.72
2023-11-15,1960.1,1915.61,1973.08,1858.14,1934.95,1925.1
2023-11-14,1961.8,1915.16,1972.62,1857.71,1934.79,1924.74
2023-11-13,1945.5,1914.7,1972.14,1857.25,1934.6,1924.0
2023-11-10,1932.6,1914.39,1971.82,1856.95,1934.51,1923.65
2023-11-09,1964.2,1914.2,1971.63,1856.78,1934.5,1923.42
2023-11-08,1951.5,1913.7,1971.11,1856.29,1934.38,1922.07
2023-11-07,1966.8,1913.32,1970.72,1855.92,1934.29,1921.01
2023-11-06,1981.6,1912.78,1970.17,1855.4,1934.1,1919.62
2023-11-03,1991.5,1912.09,1969.45,1854.73,1933.82,1918.16
2023-11-02,1985.6,1911.29,1968.63,1853.95,1933.47,1916.34
2023-11-01,1978.8,1910.55,1967.86,1853.23,1933.07,1914.63
2023-10-31,1985.2,1909.86,1967.16,1852.56,1932.71,1913.12
2023-10-30,1996.2,1909.1,1966.38,1851.83,1932.37,1911.64
2023-10-27,1988.6,1908.23,1965.47,1850.98,1931.87,1910.23
2023-10-26,1987.2,1907.42,1964.64,1850.2,1931.3,1908.97
2023-10-25,1984.1,1906.62,1963.82,1849.42,1930.72,1907.9
2023-10-24,1975.0,1905.84,1963.01,1848.66,1930.17,1906.71
2023-10-23,1976.3,1905.14,1962.3,1847.99,1929.61,1905.28
2023-10-20,1982.5,1904.43,1961.56,1847.3,1928.9,1903.65
2023-10-19,1968.4,1903.64,1960.75,1846.54,1928.26,1902.04
2023-10-18,1955.3,1902.99,1960.08,1845.9,1927.61,1900.8
2023-10-17,1922.7,1902.47,1959.54,1845.39,1926.93,1899.32
2023-10-16,1921.1,1902.26,1959.33,1845.2,1926.42,1898.59
2023-10-13,1927.4,1902.08,1959.14,1845.01,1925.85,1897.71
2023-10-12,1869.3,1901.82,1958.88,1844.77,1925.29,1896.63
2023-10-11,1872.8,1902.15,1959.21,1845.08,1924.92,1897.3
2023-10-10,1861.0,1902.44,1959.52,1845.37,1924.49,1898.04
2023-10-09,1849.5,1902.86,1959.95,1845.77,1924.27,1899.28
2023-10-06,1830.2,1903.4,1960.5,1846.29,1924.1,1900.87
2023-10-05,1816.6,1904.13,1961.26,1847.01,1923.89,1902.97
2023-10-04,1818.5,1905.01,1962.16,1847.86,1923.75,1905.44
2023-10-03,1824.6,1905.88,1963.06,1848.7,1923.55,1908.08
2023-10-02,1830.0,1906.7,1963.9,1849.5,1923.46,1910.81
2023-09-29,1848.1,1907.47,1964.69,1850.24,1923.38,1913.55
2023-09-28,1860.4,1908.06,1965.31,1850.82,1923.04,1915.64
2023-09-27,1871.6,1908.54,1965.8,1851.29,1922.73,1917.57
2023-09-26,1900.4,1908.92,1966.18,1851.65,1922.32,1919.3
2023-09-25,1916.6,1909.0,1966.27,1851.73,1921.74,1921.05
2023-09-22,1925.4,1908.92,1966.19,1851.66,1921.01,1922.14
2023-09-21,1919.2,1908.76,1966.02,1851.5,1920.22,1922.64
2023-09-20,1945.6,1908.65,1965.91,1851.39,1919.6,1923.89
2023-09-19,1932.0,1908.28,1965.53,1851.03,1918.88,1924.3
2023-09-18,1931.5,1908.04,1965.29,1850.8,1917.95,1925.01
2023-09-15,1923.7,1907.81,1965.04,1850.57,1917.03,1925.83
2023-09-14,1910.0,1907.65,1964.88,1850.42,1916.11,1926.94
2023-09-13,1909.1,1907.63,1964.85,1850.4,1915.33,1928.63
2023-09-12,1911.3,1907.61,1964.84,1850.38,1914.51,1930.33
2023-09-11,1923.3,1907.57,1964.8,1850.35,1913.64,1931.36
2023-09-08,1918.4,1907.42,1964.64,1850.19,1912.72,1932.28
2023-09-07,1917.5,1907.3,1964.52,1850.09,1911.88,1933.3
2023-09-06,1918.1,1907.2,1964.42,1849.99,1911.1,1934.27
2023-09-05,1926.2,1907.09,1964.31,1849.88,1910.37,1934.6
2023-09-01,1939.8,1906.9,1964.11,1849.69,1909.61,1934.57
2023-08-31,1938.2,1906.57,1963.77,1849.37,1908.78,1934.23
2023-08-30,1944.3,1906.25,1963.44,1849.06,1907.92,1933.49
2023-08-29,1936.5,1905.87,1963.05,1848.69,1906.95,1932.87
2023-08-28,1917.9,1905.56,1962.73,1848.4,1905.82,1932.5
2023-08-25,1911.1,1905.44,1962.6,1848.27,1904.79,1932.58
2023-08-24,1918.2,1905.38,1962.54,1848.22,1903.62,1932.53
2023-08-23,1918.5,1905.25,1962.41,1848.09,1902.39,1932.39
2023-08-22,1896.4,1905.12,1962.27,1847.97,1900.93,1932.27
2023-08-21,1893.3,1905.21,1962.36,1848.05,1899.68,1932.96
2023-08-18,1886.1,1905.33,1962.49,1848.17,1898.44,1933.6
2023-08-17,1884.1,1905.52,1962.69,1848.35,1897.19,1934.27
2023-08-16,1896.1,1905.73,1962.91,1848.56,1895.96,1935.5
2023-08-15,1902.5,1905.83,1963.01,1848.66,1894.79,1936.48
2023-08-14,1910.6,1905.87,1963.04,1848.69,1893.59,1937.88
2023-08-11,1912.9,1905.82,1962.99,1848.64,1892.3,1939.06
2023-08-10,1914.4,1905.75,1962.92,1848.57,1890.98,1940.12
2023-08-09,1915.4,1905.66,1962.83,1848.49,1889.67,1940.87
2023-08-08,1924.1,1905.56,1962.73,1848.39,1888.24,1941.87
2023-08-07,1933.5,1905.38,1962.54,1848.21,1886.76,1942.82
2023-08-04,1939.6,1905.09,1962.25,1847.94,1885.34,1943.58
2023-08-03,1932.0,1904.75,1961.89,1847.6,1883.92,1943.65
2023-08-02,1937.4,1904.47,1961.61,1847.34,1882.47,1944.49
2023-08-01,1940.7,1904.14,1961.27,1847.02,1881.14,1945.01
2023-07-31,1970.5,1903.77,1960.89,1846.66,1879.78,1945.3
2023-07-28,1960.4,1903.1,1960.2,1846.01,1878.33,1945.49
2023-07-27,1945.4,1902.53,1959.6,1845.45,1876.86,1945.57
2023-07-26,1968.9,1902.1,1959.16,1845.03,1875.64,1945.89
2023-07-25,1962.1,1901.42,1958.47,1844.38,1874.35,1945.27
2023-07-24,1960.3,1900.82,1957.84,1843.79,1873.1,1944.79
2023-07-21,1964.3,1900.22,1957.22,1843.21,1871.9,1944.86
2023-07-20,1968.3,1899.57,1956.56,1842.59,1870.54,1945.06
2023-07-19,1977.5,1898.88,1955.85,1841.92,1869.01,1945.22
2023-07-18,1977.2,1898.09,1955.04,1841.15,1867.42,1945.25
2023-07-17,1952.4,1897.3,1954.22,1840.38,1865.83,1944.73
2023-07-14,1960.1,1896.74,1953.65,1839.84,1864.21,1945.44
2023-07-13,1959.2,1896.11,1952.99,1839.22,1862.52,1946.15
2023-07-12,1956.2,1895.47,1952.34,1838.61,1860.95,1947.62
2023-07-11,1931.3,1894.86,1951.71,1838.02,1859.53,1949.08
2023-07-10,1925.0,1894.5,1951.33,1837.66,1858.19,1951.16
2023-07-07,1926.2,1894.19,1951.02,1837.36,1856.87,1953.8
2023-07-06,1908.7,1893.87,1950.68,1837.05,1855.57,1956.55
2023-07-05,1919.6,1893.72,1950.53,1836.91,1854.38,1959.49
2023-07-03,1921.7,1893.46,1950.26,1836.65,1853.11,1961.93
2023-06-30,1921.1,1893.17,1949.97,1836.38,1851.98,1965.09
2023-06-29,1909.2,1892.89,1949.68,1836.11,1850.9,1967.78
2023-06-28,1912.3,1892.73,1949.51,1835.95,1850.0,1970.41
2023-06-27,1914.0,1892.53,1949.31,1835.76,1849.02,1972.19
2023-06-26,1923.7,1892.32,1949.09,1835.55,1847.99,1974.09
2023-06-23,1919.1,1892.0,1948.76,1835.24,1846.95,1975.74
2023-06-22,1912.7,1891.73,1948.48,1834.98,1845.85,1977.41
2023-06-21,1933.3,1891.52,1948.26,1834.77,1844.84,1979.44
2023-06-20,1935.5,1891.1,1947.83,1834.37,1843.65,1980.84
2023-06-16,1958.4,1890.65,1947.37,1833.93,1842.54,1981.94
2023-06-15,1957.8,1889.97,1946.67,1833.27,1841.36,1983.16
2023-06-14,1955.3,1889.29,1945.97,1832.61,1840.26,1984.1
2023-06-13,1944.6,1888.63,1945.29,1831.97,1839.16,1985.4
2023-06-12,1955.3,1888.06,1944.71,1831.42,1838.23,1986.64
2023-06-09,1962.2,1887.39,1944.01,1830.77,1837.19,1987.81
2023-06-08,1963.6,1886.64,1943.24,1830.04,1836.11,1989.79
2023-06-07,1942.7,1885.86,1942.44,1829.29,1834.97,1990.97
2023-06-06,1965.5,1885.29,1941.85,1828.73,1833.99,1992.53
2023-06-05,1958.0,1884.49,1941.02,1827.95,1832.94,1993.12
2023-06-02,1952.4,1883.75,1940.26,1827.23,1831.95,1994.46
2023-06-01,1978.0,1883.06,1939.55,1826.57,1831.05,1996.18
2023-05-31,1963.9,1882.1,1938.57,1825.64,1830.07,1997.28
2023-05-30,1958.0,1881.28,1937.72,1824.84,1829.24,1997.78
2023-05-26,1944.1,1880.51,1936.93,1824.09,1828.4,1998.06
2023-05-25,1943.1,1879.87,1936.27,1823.47,1827.66,1998.96
2023-05-24,1962.8,1879.24,1935.61,1822.86,1826.92,1999.54
2023-05-23,1972.4,1878.4,1934.75,1822.04,1826.04,1999.78
2023-05-22,1974.8,1877.45,1933.77,1821.13,1825.04,1999.28
2023-05-19,1978.7,1876.47,1932.77,1820.18,1824.11,1999.46
2023-05-18,1956.5,1875.45,1931.71,1819.18,1823.0,1999.84
2023-05-17,1980.7,1874.63,1930.87,1818.39,1822.08,1999.6
2023-05-16,1988.4,1873.56,1929.77,1817.36,1821.02,1998.53
2023-05-15,2018.0,1872.41,1928.58,1816.24,1819.89,1998.3
2023-05-12,2014.5,1870.95,1927.08,1814.82,1818.55,1997.09
2023-05-11,2014.7,1869.5,1925.59,1813.42,1817.07,1994.71
2023-05-10,2030.5,1868.05,1924.09,1812.0,1815.59,1992.5
2023-05-09,2036.2,1866.41,1922.4,1810.42,1814.03,1989.4
2023-05-08,2026.3,1864.71,1920.65,1808.76,1812.49,1986.28
2023-05-05,2017.4,1863.08,1918.97,1807.19,1810.92,1982.18
2023-05-04,2048.0,1861.53,1917.38,1805.69,1809.33,1977.47
2023-05-03,2028.6,1859.66,1915.45,1803.87,1807.64,1971.59
2023-05-02,2014.3,1857.96,1913.7,1802.22,1806.04,1966.22
2023-05-01,1983.4,1856.39,1912.08,1800.7,1804.48,1962.06
2023-04-28,1990.1,1855.11,1910.76,1799.46,1803.09,1958.67
2023-04-27,1989.9,1853.75,1909.37,1798.14,1801.81,1954.75
2023-04-26,1985.7,1852.39,1907.96,1796.81,1800.48,1950.95
2023-04-25,1994.0,1851.05,1906.58,1795.52,1799.2,1947.03
2023-04-24,1989.1,1849.61,1905.1,1794.12,1797.93,1942.6
2023-04-21,1979.5,1848.21,1903.65,1792.76,1796.67,1938.1
2023-04-20,2007.6,1846.89,1902.3,1791.48,1795.45,1934.06
2023-04-19,1995.2,1845.27,1900.63,1789.91,1794.22,1929.67
2023-04-18,2007.4,1843.77,1899.08,1788.45,1793.24,1925.62
2023-04-17,1994.2,1842.12,1897.39,1786.86,1792.22,1921.44
2023-04-14,2002.2,1840.59,1895.81,1785.38,1791.32,1917.64
2023-04-13,2041.3,1838.97,1894.14,1783.8,1790.4,1913.44
2023-04-12,2010.9,1836.94,1892.04,1781.83,1789.3,1908.75
2023-04-11,2004.8,1835.19,1890.24,1780.13,1788.37,1904.78
2023-04-10,1989.1,1833.48,1888.49,1778.48,1787.48,1901.23
2023-04-06,2011.9,1831.92,1886.88,1776.96,1786.7,1898.16
2023-04-05,2020.9,1830.11,1885.01,1775.21,1785.82,1894.79
2023-04-04,2022.2,1828.19,1883.04,1773.35,1784.89,1891.06
2023-04-03,1983.9,1826.24,1881.03,1771.46,1784.01,1887.16
2023-03-31,1969.0,1824.66,1879.4,1769.92,1783.17,1884.14
2023-03-30,1980.3,1823.21,1877.9,1768.51,1782.37,1882.82
2023-03-29,1966.1,1821.63,1876.28,1766.98,1781.61,1881.51
2023-03-28,1972.4,1820.18,1874.78,1765.57,1781.13,1880.59
2023-03-27,1952.4,1818.65,1873.21,1764.09,1780.52,1879.36
2023-03-24,1982.1,1817.3,1871.82,1762.78,1780.01,1878.76
2023-03-23,1993.8,1815.65,1870.12,1761.18,1779.34,1877.44
2023-03-22,1946.8,1813.86,1868.27,1759.44,1778.57,1876.12
2023-03-21,1938.0,1812.52,1866.9,1758.14,1778.06,1875.8
2023-03-20,1979.2,1811.26,1865.6,1756.92,1777.7,1875.52
2023-03-17,1969.8,1809.57,1863.86,1755.28,1777.02,1874.2
2023-03-16,1919.0,1807.96,1862.2,1753.72,1776.39,1873.01
2023-03-15,1926.6,1806.84,1861.05,1752.64,1776.05,1872.65
2023-03-14,1906.2,1805.64,1859.81,1751.47,1775.65,1872.16
2023-03-13,1911.7,1804.63,1858.77,1750.49,1775.35,1872.47
2023-03-10,1862.0,1803.55,1857.66,1749.45,1775.12,1872.06
2023-03-09,1829.3,1802.97,1857.06,1748.88,1775.05,1872.38
2023-03-08,1812.7,1802.7,1856.78,1748.62,1775.11,1873.43
2023-03-07,1813.9,1802.6,1856.68,1748.52,1775.25,1874.93
2023-03-06,1847.9,1802.49,1856.56,1748.41,1775.26,1876.19
2023-03-03,1847.7,1802.03,1856.09,1747.97,1775.12,1875.86
2023-03-02,1833.5,1801.57,1855.62,1747.53,1774.94,1875.99
2023-03-01,1837.7,1801.25,1855.29,1747.21,1774.81,1876.15
2023-02-28,1828.9,1800.89,1854.91,1746.86,1774.74,1875.7
2023-02-27,1817.0,1800.6,1854.62,1746.59,1774.86,1875.46
2023-02-24,1808.8,1800.44,1854.45,1746.43,1774.98,1875.23
2023-02-23,1818.0,1800.35,1854.37,1746.34,1775.22,1875.38
2023-02-22,1832.0,1800.18,1854.18,1746.17,1775.54,1874.83
2023-02-21,1833.0,1799.86,1853.85,1745.86,1775.75,1873.71
2023-02-17,1840.4,1799.52,1853.51,1745.54,1775.92,1873.28
2023-02-16,1842.0,1799.11,1853.09,1745.14,1776.06,1872.67
2023-02-15,1834.2,1798.68,1852.64,1744.72,1776.16,1871.31
2023-02-14,1854.0,1798.33,1852.28,1744.38,1776.53,1870.2
2023-02-13,1851.9,1797.77,1851.7,1743.83,1776.71,1868.28
2023-02-10,1862.8,1797.22,1851.14,1743.31,1776.88,1867.17
2023-02-09,1866.2,1796.56,1850.46,1742.67,1777.07,1865.95
2023-02-08,1877.4,1795.86,1849.74,1741.99,1777.2,1863.81
2023-02-07,1871.7,1795.04,1848.9,1741.19,1777.47,1861.83
2023-02-06,1866.2,1794.27,1848.1,1740.45,1777.84,1859.75
2023-02-03,1862.9,1793.55,1847.36,1739.74,1778.27,1857.73
2023-02-02,1916.3,1792.85,1846.64,1739.07,1778.73,1855.39
2023-02-01,1927.8,1791.61,1845.36,1737.86,1779.06,1851.67
2023-01-31,1929.5,1790.24,1843.95,1736.54,1779.28,1848.37
2023-01-30,1922.9,1788.84,1842.51,1735.18,1779.54,1845.16
2023-01-27,1928.6,1787.5,1841.12,1733.87,1779.78,1840.74
2023-01-26,1929.1,1786.08,1839.66,1732.5,1779.86,1836.24
2023-01-25,1941.2,1784.64,1838.18,1731.1,1779.92,1831.51
2023-01-24,1933.9,1783.07,1836.56,1729.58,1779.89,1826.81
2023-01-23,1927.1,1781.55,1835.0,1728.11,1779.81,1822.09
2023-01-20,1926.4,1780.09,1833.49,1726.69,1779.79,1817.37
2023-01-19,1922.1,1778.62,1831.98,1725.26,1779.8,1812.65
2023-01-18,1904.4,1777.18,1830.49,1723.86,1779.79,1808.39
2023-01-17,1907.2,1775.9,1829.18,1722.62,1780.01,1804.8
2023-01-13,1918.4,1774.58,1827.82,1721.34,1780.14,1801.45
2023-01-12,1895.5,1773.13,1826.33,1719.94,1780.11,1797.83
2023-01-11,1874.6,1771.9,1825.06,1718.75,1780.33,1794.78
2023-01-10,1871.6,1770.87,1824.0,1717.75,1780.73,1792.07
2023-01-09,1872.7,1769.86,1822.96,1716.76,1781.18,1789.04
2023-01-06,1864.2,1768.83,1821.89,1715.76,1781.5,1784.97
2023-01-05,1834.8,1767.87,1820.9,1714.83,1781.78,1781.17
2023-01-04,1852.8,1767.19,1820.21,1714.18,1782.25,1777.21
2023-01-03,1839.7,1766.33,1819.32,1713.34,1782.63,1772.7
2022-12-30,1819.7,1765.6,1818.56,1712.63,1783.14,1767.39
2022-12-29,1819.5,1765.05,1818.0,1712.1,1783.58,1763.04
2022-12-28,1807.9,1764.51,1817.44,1711.57,1784.12,1758.68
2022-12-27,1814.8,1764.07,1816.99,1711.15,1784.88,1754.38
2022-12-23,1795.9,1763.56,1816.47,1710.65,1785.72,1750.0
2022-12-22,1787.0,1763.23,1816.13,1710.34,1786.73,1746.62
2022-12-21,1815.9,1763.0,1815.89,1710.11,1787.73,1743.55
2022-12-20,1815.9,1762.46,1815.34,1709.59,1788.85,1739.47
2022-12-19,1787.7,1761.93,1814.79,1709.07,1789.74,1735.29
2022-12-16,1790.0,1761.67,1814.52,1708.82,1790.63,1731.87
2022-12-15,1777.2,1761.38,1814.22,1708.54,1791.35,1727.89
2022-12-14,1807.5,1761.22,1814.06,1708.39,1792.07,1724.15
2022-12-13,1813.9,1760.76,1813.58,1707.94,1792.74,1720.19
2022-12-12,1780.5,1760.23,1813.03,1707.42,1793.17,1716.26
2022-12-09,1798.1,1760.02,1812.82,1707.22,1793.7,1712.79
2022-12-08,1788.7,1759.64,1812.43,1706.85,1794.33,1709.59
2022-12-07,1785.5,1759.35,1812.13,1706.57,1794.94,1706.63
2022-12-06,1769.3,1759.08,1811.86,1706.31,1795.54,1703.96
2022-12-05,1767.4,1758.98,1811.75,1706.21,1796.19,1701.41
2022-12-02,1795.9,1758.9,1811.66,1706.13,1796.85,1699.74
2022-12-01,1801.1,1758.52,1811.28,1705.77,1797.22,1697.63
2022-11-30,1746.0,1758.1,1810.84,1705.35,1797.49,1695.39
2022-11-29,1748.4,1758.22,1810.97,1705.47,1798.1,1694.77
2022-11-28,1740.1,1758.32,1811.07,1705.57,1798.56,1693.38
2022-11-25,1753.3,1758.5,1811.26,1705.75,1799.04,1691.44
2022-11-23,1744.9,1758.55,1811.31,1705.8,1799.45,1689.07
2022-11-22,1738.3,1758.69,1811.45,1705.93,1799.86,1686.96
2022-11-21,1737.4,1758.89,1811.66,1706.13,1800.27,1684.17
2022-11-18,1751.9,1759.11,1811.88,1706.34,1800.62,1681.31
2022-11-17,1760.8,1759.18,1811.96,1706.41,1800.88,1678.65
2022-11-16,1773.0,1759.17,1811.94,1706.39,1801.12,1676.4
2022-11-15,1773.8,1759.03,1811.8,1706.26,1801.25,1673.69
2022-11-14,1773.6,1758.88,1811.65,1706.11,1801.36,1670.84
2022-11-11,1766.0,1758.73,1811.49,1705.97,1801.42,1668.15
2022-11-10,1750.3,1758.66,1811.42,1705.9,1801.55,1665.79
2022-11-09,1710.1,1758.74,1811.5,1705.98,1801.95,1663.67
2022-11-08,1712.1,1759.23,1812.01,1706.45,1802.66,1663.33
2022-11-07,1676.5,1759.7,1812.5,1706.91,1803.31,1663.15
2022-11-04,1672.5,1760.54,1813.36,1707.72,1804.09,1664.44
2022-11-03,1627.3,1761.43,1814.27,1708.58,1804.94,1665.53
2022-11-02,1645.7,1762.77,1815.66,1709.89,1806.02,1667.55
2022-11-01,1645.0,1763.95,1816.87,1711.03,1806.85,1669.29
2022-10-31,1635.9,1765.15,1818.1,1712.19,1807.71,1670.68
2022-10-28,1639.6,1766.45,1819.44,1713.45,1808.63,1672.52
2022-10-27,1660.7,1767.72,1820.75,1714.69,1809.57,1673.95
2022-10-26,1664.0,1768.8,1821.86,1715.73,1810.36,1675.25
2022-10-25,1652.8,1769.85,1822.94,1716.75,1811.03,1676.73
2022-10-24,1648.7,1771.03,1824.16,1717.89,1811.75,1678.83
2022-10-21,1651.0,1772.25,1825.42,1719.09,1812.45,1681.01
2022-10-20,1630.8,1773.47,1826.68,1720.27,1813.32,1683.68
2022-10-19,1627.5,1774.91,1828.15,1721.66,1814.24,1686.6
2022-10-18,1649.0,1776.39,1829.68,1723.1,1815.1,1689.59
2022-10-17,1657.0,1777.67,1831.0,1724.34,1815.99,1691.71
2022-10-14,1641.7,1778.88,1832.25,1725.52,1816.77,1693.98
2022-10-13,1670.0,1780.26,1833.67,1726.85,1817.59,1696.82
2022-10-12,1670.3,1781.37,1834.81,1727.93,1818.29,1699.08
2022-10-11,1678.7,1782.48,1835.96,1729.01,1818.98,1701.65
2022-10-10,1667.3,1783.53,1837.03,1730.02,1819.64,1704.22
2022-10-07,1700.5,1784.7,1838.24,1731.15,1820.31,1707.5
2022-10-06,1711.7,1785.54,1839.11,1731.98,1820.75,1709.73
2022-10-05,1711.4,1786.28,1839.87,1732.7,1821.16,1711.82
2022-10-04,1721.1,1787.04,1840.65,1733.43,1821.62,1713.89
2022-10-03,1692.9,1787.7,1841.33,1734.07,1822.0,1715.53
2022-09-30,1662.4,1788.65,1842.31,1734.99,1822.35,1717.53
2022-09-29,1658.5,1789.92,1843.62,1736.22,1822.89,1720.69
2022-09-28,1660.4,1791.24,1844.98,1737.5,1823.52,1723.17
2022-09-27,1626.7,1792.56,1846.33,1738.78,1824.14,1725.94
2022-09-26,1623.3,1794.22,1848.05,1740.4,1824.88,1729.5
2022-09-23,1645.3,1795.94,1849.82,1742.06,1825.68,1732.99
2022-09-22,1670.8,1797.46,1851.38,1743.53,1826.36,1735.61
2022-09-21,1664.6,1798.73,1852.69,1744.77,1826.9,1736.82
2022-09-20,1659.7,1800.08,1854.08,1746.07,1827.48,1738.15
2022-09-19,1666.2,1801.49,1855.53,1747.44,1827.99,1739.63
2022-09-16,1671.7,1802.85,1856.93,1748.76,1828.57,1741.15
2022-09-15,1665.4,1804.17,1858.29,1750.04,1829.08,1742.18
2022-09-14,1696.5,1805.56,1859.73,1751.39,1829.66,1743.03
2022-09-13,1705.0,1806.66,1860.86,1752.46,1830.1,1743.37
2022-09-12,1728.1,1807.68,1861.91,1753.45,1830.5,1743.47
2022-09-09,1716.2,1808.48,1862.73,1754.22,1830.78,1742.83
2022-09-08,1708.0,1809.4,1863.69,1755.12,1831.23,1742.54
2022-09-07,1715.3,1810.42,1864.74,1756.11,1831.94,1743.19
2022-09-06,1700.4,1811.38,1865.72,1757.04,1832.67,1743.39
2022-09-02,1709.8,1812.5,1866.87,1758.12,1833.52,1744.13
2022-09-01,1696.6,1813.53,1867.93,1759.12,1834.24,1744.9
2022-08-31,1712.8,1814.7,1869.14,1760.26,1835.08,1745.93
2022-08-30,1723.2,1815.73,1870.2,1761.25,1835.86,1746.49
2022-08-29,1736.6,1816.66,1871.16,1762.16,1836.56,1747.45
2022-08-26,1736.1,1817.46,1871.98,1762.94,1837.11,1749.01
2022-08-25,1757.7,1818.28,1872.83,1763.73,1837.58,1750.71
2022-08-24,1747.8,1818.89,1873.45,1764.32,1837.93,1752.11
2022-08-23,1746.8,1819.6,1874.19,1765.01,1838.28,1753.85
2022-08-22,1734.0,1820.33,1874.94,1765.72,1838.51,1755.7
2022-08-19,1747.6,1821.2,1875.84,1766.57,1838.65,1758.02
2022-08-18,1755.3,1821.94,1876.6,1767.28,1838.86,1759.97
2022-08-17,1760.3,1822.61,1877.29,1767.93,1839.06,1761.94
2022-08-16,1773.2,1823.24,1877.93,1768.54,1839.17,1763.8
2022-08-15,1781.4,1823.74,1878.45,1769.03,1839.31,1765.36
2022-08-12,1798.6,1824.17,1878.89,1769.44,1839.4,1766.97
2022-08-11,1789.7,1824.42,1879.16,1769.69,1839.37,1767.39
2022-08-10,1795.6,1824.77,1879.51,1770.03,1839.45,1767.88
2022-08-09,1794.0,1825.06,1879.82,1770.31,1839.45,1768.69
2022-08-08,1786.8,1825.38,1880.14,1770.62,1839.38,1770.63
2022-08-05,1772.9,1825.76,1880.54,1770.99,1839.37,1772.18
2022-08-04,1788.5,1826.3,1881.08,1771.51,1839.35,1774.15
2022-08-03,1758.0,1826.68,1881.48,1771.88,1839.24,1775.63
2022-08-02,1771.1,1827.37,1882.19,1772.54,1839.28,1777.66
2022-08-01,1769.0,1827.93,1882.77,1773.09,1839.41,1779.52
2022-07-29,1762.9,1828.52,1883.38,1773.67,1839.53,1781.95
2022-07-28,1750.3,1829.18,1884.06,1774.31,1839.51,1783.96
2022-07-27,1719.1,1829.98,1884.88,1775.08,1839.53,1786.27
2022-07-26,1717.7,1831.09,1886.02,1776.16,1839.72,1789.58
2022-07-25,1719.0,1832.23,1887.2,1777.26,1839.92,1792.82
2022-07-22,1727.1,1833.37,1888.37,1778.37,1840.13,1796.0
2022-07-21,1712.7,1834.44,1889.47,1779.4,1840.29,1799.45
2022-07-20,1699.5,1835.66,1890.73,1780.59,1840.56,1802.83
2022-07-19,1710.0,1837.03,1892.14,1781.92,1840.84,1806.39
2022-07-18,1709.2,1838.3,1893.45,1783.16,1841.07,1809.67
2022-07-15,1702.4,1839.6,1894.79,1784.41,1841.13,1812.34
2022-07-14,1704.5,1840.98,1896.21,1785.75,1841.3,1815.23
2022-07-13,1734.2,1842.35,1897.62,1787.08,1841.53,1817.96
2022-07-12,1723.3,1843.44,1898.74,1788.14,1841.6,1819.79
2022-07-11,1730.0,1844.65,1899.99,1789.31,1841.73,1822.3
2022-07-08,1740.6,1845.8,1901.17,1790.43,1841.96,1825.36
2022-07-07,1737.9,1846.86,1902.26,1791.45,1842.14,1827.85
2022-07-06,1734.9,1847.95,1903.39,1792.51,1842.26,1830.83
2022-07-05,1761.8,1849.09,1904.56,1793.62,1842.33,1834.48
2022-07-01,1798.9,1849.97,1905.46,1794.47,1842.29,1837.29
2022-06-30,1804.1,1850.48,1905.99,1794.96,1842.26,1838.99
2022-06-29,1813.7,1850.94,1906.47,1795.42,1842.26,1840.61
2022-06-28,1817.5,1851.32,1906.86,1795.78,1842.15,1841.81
2022-06-27,1820.9,1851.66,1907.21,1796.11,1842.02,1844.11
2022-06-24,1826.5,1851.97,1907.53,1796.41,1841.9,1845.8
2022-06-23,1825.7,1852.22,1907.79,1796.66,1841.72,1847.29
2022-06-22,1834.3,1852.49,1908.06,1796.92,1841.57,1849.18
2022-06-21,1834.6,1852.67,1908.25,1797.09,1841.55,1850.65
2022-06-17,1835.6,1852.85,1908.44,1797.27,1841.42,1853.06
2022-06-16,1845.7,1853.03,1908.62,1797.44,1841.31,1855.79
2022-06-15,1815.3,1853.1,1908.69,1797.51,1841.16,1858.46
2022-06-14,1809.5,1853.48,1909.09,1797.88,1841.13,1861.97
2022-06-13,1828.0,1853.92,1909.54,1798.31,1841.16,1866.3
2022-06-10,1871.5,1854.18,1909.81,1798.56,1840.98,1869.88
2022-06-09,1848.8,1854.01,1909.63,1798.39,1840.57,1872.61
2022-06-08,1851.9,1854.06,1909.68,1798.44,1840.35,1875.7
2022-06-07,1847.5,1854.08,1909.71,1798.46,1840.11,1878.01
2022-06-06,1839.2,1854.15,1909.78,1798.53,1839.77,1880.36
2022-06-03,1845.4,1854.3,1909.93,1798.67,1839.48,1882.72
2022-06-02,1866.5,1854.39,1910.02,1798.76,1839.16,1884.55
2022-06-01,1843.3,1854.27,1909.9,1798.64,1838.75,1885.96
2022-05-31,1842.7,1854.38,1910.01,1798.75,1838.47,1888.11
2022-05-27,1851.3,1854.5,1910.13,1798.86,1838.13,1890.02
2022-05-26,1847.4,1854.53,1910.16,1798.89,1837.62,1892.46
2022-05-25,1846.2,1854.6,1910.24,1798.96,1837.14,1894.62
2022-05-24,1865.1,1854.68,1910.32,1799.04,1836.55,1896.26
2022-05-23,1847.8,1854.58,1910.22,1798.94,1835.84,1898.12
2022-05-20,1841.8,1854.65,1910.29,1799.01,1835.4,1900.77
2022-05-19,1841.2,1854.78,1910.42,1799.13,1835.22,1903.77
2022-05-18,1815.9,1854.91,1910.56,1799.27,1835.06,1906.15
2022-05-17,1818.2,1855.31,1910.96,1799.65,1835.04,1908.77
2022-05-16,1813.5,1855.68,1911.35,1800.01,1835.04,1911.53
2022-05-13,1807.4,1856.1,1911.79,1800.42,1835.03,1914.4
2022-05-12,1823.8,1856.59,1912.29,1800.89,1835.15,1917.77
2022-05-11,1852.6,1856.92,1912.63,1801.21,1835.03,1919.87
2022-05-10,1839.9,1856.96,1912.67,1801.26,1834.76,1921.77
2022-05-09,1857.1,1857.14,1912.85,1801.42,1834.56,1924.76
2022-05-06,1881.2,1857.14,1912.85,1801.42,1834.28,1927.9
2022-05-05,1874.0,1856.89,1912.6,1801.19,1833.9,1930.82
2022-05-04,1867.0,1856.72,1912.42,1801.02,1833.54,1933.62
2022-05-03,1868.8,1856.62,1912.32,1800.92,1833.26,1937.95
2022-05-02,1861.8,1856.5,1912.19,1800.8,1832.96,1941.08
2022-04-29,1909.3,1856.44,1912.14,1800.75,1832.72,1943.66
2022-04-28,1888.7,1855.91,1911.59,1800.24,1832.32,1944.29
2022-04-27,1885.9,1855.58,1911.25,1799.92,1832.0,1945.09
2022-04-26,1901.4,1855.28,1910.94,1799.62,1831.62,1946.5
2022-04-25,1893.2,1854.81,1910.46,1799.17,1831.14,1946.45
2022-04-22,1931.0,1854.43,1910.06,1798.8,1830.72,1946.29
2022-04-21,1944.9,1853.66,1909.27,1798.05,1830.06,1946.14
2022-04-20,1952.3,1852.74,1908.32,1797.16,1829.35,1945.25
2022-04-19,1955.7,1851.74,1907.29,1796.19,1828.55,1944.09
2022-04-18,1982.9,1850.7,1906.22,1795.18,1827.69,1942.66
2022-04-14,1970.9,1849.37,1904.85,1793.89,1826.65,1940.61
2022-04-13,1981.0,1848.15,1903.59,1792.7,1825.65,1938.09
2022-04-12,1972.1,1846.81,1902.22,1791.41,1824.56,1934.94
2022-04-11,1944.3,1845.55,1900.92,1790.19,1823.6,1932.33
2022-04-08,1941.6,1844.56,1899.9,1789.22,1822.76,1929.75
2022-04-07,1933.8,1843.58,1898.89,1788.28,1821.93,1927.11
2022-04-06,1918.4,1842.68,1897.96,1787.4,1821.17,1924.65
2022-04-05,1922.9,1841.92,1897.17,1786.66,1820.46,1922.35
2022-04-04,1929.2,1841.1,1896.34,1785.87,1819.76,1919.79
2022-04-01,1919.1,1840.22,1895.42,1785.01,1818.95,1916.73
2022-03-31,1949.2,1839.43,1894.61,1784.24,1818.22,1913.83
2022-03-30,1933.5,1838.32,1893.47,1783.17,1817.77,1910.33
2022-03-29,1912.0,1837.37,1892.49,1782.24,1817.38,1907.0
2022-03-28,1939.6,1836.62,1891.71,1781.52,1817.14,1904.07
2022-03-25,1953.8,1835.58,1890.65,1780.51,1816.83,1900.2
2022-03-24,1961.6,1834.39,1889.42,1779.36,1816.53,1896.19
2022-03-23,1936.6,1833.11,1888.11,1778.12,1816.19,1892.9
2022-03-22,1920.7,1832.07,1887.04,1777.11,1815.97,1890.8
2022-03-21,1928.6,1831.18,1886.12,1776.25,1815.85,1888.83
2022-03-18,1928.2,1830.2,1885.11,1775.3,1815.65,1886.41
2022-03-17,1942.1,1829.22,1884.1,1774.34,1815.37,1884.26
2022-03-16,1908.0,1828.08,1882.93,1773.24,1815.19,1881.79
2022-03-15,1928.5,1827.28,1882.1,1772.46,1815.17,1879.4
2022-03-14,1959.6,1826.26,1881.05,1771.48,1815.04,1876.6
2022-03-11,1982.7,1824.92,1879.67,1770.18,1814.72,1873.14
2022-03-10,1998.1,1823.34,1878.04,1768.64,1814.31,1869.25
2022-03-09,1985.9,1821.58,1876.23,1766.93,1813.81,1864.76
2022-03-08,2040.1,1819.93,1874.53,1765.33,1813.31,1860.07
2022-03-07,1993.9,1817.72,1872.25,1763.19,1812.49,1854.0
2022-03-04,1965.1,1815.95,1870.43,1761.47,1811.93,1848.87
2022-03-03,1934.4,1814.45,1868.88,1760.01,1811.51,1845.35
2022-03-02,1920.9,1813.24,1867.64,1758.85,1811.18,1842.34
2022-03-01,1942.4,1812.16,1866.53,1757.8,1810.91,1839.31
2022-02-28,1899.4,1810.85,1865.18,1756.53,1810.39,1836.43
2022-02-25,1886.5,1809.96,1864.26,1755.66,1810.01,1834.27
2022-02-24,1925.1,1809.19,1863.47,1754.92,1809.69,1832.23
2022-02-23,1909.2,1808.03,1862.27,1753.79,1809.24,1829.36
2022-02-22,1906.1,1807.01,1861.22,1752.8,1808.88,1826.83
2022-02-18,1898.6,1806.01,1860.2,1751.83,1808.51,1824.46
2022-02-17,1900.7,1805.08,1859.24,1750.93,1808.09,1822.03
2022-02-16,1870.2,1804.12,1858.25,1750.0,1807.51,1819.21
2022-02-15,1854.8,1803.46,1857.56,1749.36,1807.04,1817.3
2022-02-14,1868.0,1802.94,1857.03,1748.85,1806.72,1816.03
2022-02-11,1840.8,1802.29,1856.36,1748.22,1806.22,1814.24
2022-02-10,1836.2,1801.9,1855.96,1747.85,1805.86,1812.29
2022-02-09,1835.2,1801.56,1855.6,1747.51,1805.54,1810.64
2022-02-08,1826.6,1801.22,1855.26,1747.18,1805.25,1809.42
2022-02-07,1820.6,1800.96,1854.99,1746.94,1805.02,1808.33
2022-02-04,1806.6,1800.77,1854.79,1746.74,1804.8,1807.18
2022-02-03,1803.0,1800.71,1854.73,1746.69,1804.67,1806.6
2022-02-02,1809.2,1800.69,1854.71,1746.66,1804.62,1806.09
2022-02-01,1800.3,1800.6,1854.62,1746.58,1804.46,1805.29
2022-01-31,1795.0,1800.6,1854.62,1746.58,1804.3,1804.84
2022-01-28,1784.9,1800.66,1854.68,1746.64,1804.22,1803.98
2022-01-27,1793.3,1800.82,1854.84,1746.79,1804.13,1803.9
2022-01-26,1829.9,1800.89,1854.92,1746.87,1803.84,1803.4
2022-01-25,1852.7,1800.6,1854.62,1746.58,1803.42,1802.21
2022-01-24,1841.7,1800.08,1854.08,1746.08,1802.81,1800.53
2022-01-21,1831.8,1799.66,1853.65,1745.67,1802.32,1799.09
2022-01-20,1842.5,1799.34,1853.32,1745.36,1801.94,1797.88
2022-01-19,1843.1,1798.9,1852.87,1744.94,1801.43,1796.97
2022-01-18,1812.3,1798.46,1852.41,1744.5,1800.92,1797.17
2022-01-14,1816.5,1798.32,1852.27,1744.37,1800.5,1798.39
2022-01-13,1821.2,1798.14,1852.08,1744.19,1800.05,1799.72
2022-01-12,1827.2,1797.91,1851.84,1743.97,1799.51,1800.53
2022-01-11,1818.6,1797.61,1851.54,1743.68,1798.79,1801.5
2022-01-10,1798.4,1797.4,1851.32,1743.48,1798.26,1802.73
2022-01-07,1797.0,1797.39,1851.31,1743.47,1797.93,1804.35
2022-01-06,1788.7,1797.39,1851.32,1743.47,1797.57,1805.62
2022-01-05,1824.6,1797.48,1851.41,1743.56,1797.29,1806.66
2022-01-04,1814.0,1797.21,1851.12,1743.29,1796.79,1806.73
2022-01-03,1799.4,1797.04,1850.95,1743.13,1796.41,1806.79
2021-12-31,1827.5,1797.02,1850.93,1743.11,1796.12,1806.63
2021-12-30,1812.7,1796.71,1850.61,1742.81,1795.64,1805.03
2021-12-29,1805.1,1796.55,1850.45,1742.65,1795.21,1804.43
2021-12-28,1810.2,1796.46,1850.36,1742.57,1794.84,1804.18
2021-12-27,1808.1,1796.32,1850.21,1742.44,1794.43,1803.5
2021-12-23,1811.2,1796.21,1850.09,1742.32,1793.99,1803.34
2021-12-22,1801.6,1796.06,1849.94,1742.17,1793.55,1803.0
2021-12-21,1787.9,1796.0,1849.88,1742.12,1793.15,1802.78
2021-12-20,1793.7,1796.08,1849.96,1742.2,1792.79,1803.23
2021-12-17,1803.8,1796.11,1849.99,1742.22,1792.21,1803.28
2021-12-16,1796.6,1796.03,1849.91,1742.15,1791.68,1802.71
2021-12-15,1762.6,1796.02,1849.9,1742.14,1791.2,1802.4
2021-12-14,1770.4,1796.36,1850.25,1742.47,1790.96,1802.58
2021-12-13,1786.3,1796.62,1850.52,1742.72,1790.78,1802.44
2021-12-10,1782.9,1796.72,1850.62,1742.82,1790.46,1801.96
2021-12-09,1774.6,1796.86,1850.77,1742.96,1790.18,1802.31
2021-12-08,1783.4,1797.09,1851.0,1743.17,1790.18,1802.78
2021-12-07,1782.6,1797.22,1851.14,1743.31,1790.25,1802.16
2021-12-06,1777.5,1797.37,1851.29,1743.45,1790.36,1801.46
2021-12-03,1782.0,1797.57,1851.5,1743.64,1790.5,1800.93
2021-12-02,1760.7,1797.73,1851.66,1743.79,1790.47,1800.32
2021-12-01,1781.6,1798.1,1852.04,1744.16,1790.53,1800.32
2021-11-30,1773.6,1798.26,1852.21,1744.32,1790.48,1799.77
2021-11-29,1782.3,1798.51,1852.47,1744.56,1790.6,1799.58
2021-11-26,1785.3,1798.67,1852.64,1744.71,1790.8,1798.95
2021-11-24,1784.1,1798.81,1852.77,1744.84,1790.99,1798.2
2021-11-23,1783.5,1798.96,1852.93,1744.99,1791.28,1796.64
2021-11-22,1806.0,1799.11,1853.09,1745.14,1791.54,1795.44
2021-11-19,1851.2,1799.04,1853.01,1745.07,1791.66,1794.04
2021-11-18,1861.0,1798.52,1852.47,1744.56,1791.46,1791.51
2021-11-17,1869.7,1797.89,1851.83,1743.95,1791.1,1788.67
2021-11-16,1853.6,1797.17,1851.08,1743.25,1790.92,1786.35
2021-11-15,1866.1,1796.6,1850.5,1742.7,1790.8,1784.41
2021-11-12,1867.9,1795.9,1849.78,1742.03,1790.77,1781.8
2021-11-11,1863.2,1795.18,1849.04,1741.32,1790.67,1778.84
2021-11-10,1847.6,1794.5,1848.33,1740.66,1790.54,1776.12
2021-11-09,1830.2,1793.96,1847.78,1740.14,1790.53,1774.74
2021-11-08,1827.4,1793.6,1847.41,1739.79,1790.63,1774.11
2021-11-05,1816.4,1793.26,1847.06,1739.46,1790.77,1773.22
2021-11-04,1793.0,1793.03,1846.82,1739.24,1790.97,1772.55
2021-11-03,1763.6,1793.03,1846.82,1739.24,1791.33,1772.66
2021-11-02,1788.7,1793.32,1847.12,1739.52,1791.84,1773.34
2021-11-01,1795.1,1793.37,1847.17,1739.57,1792.09,1773.52
2021-10-29,1783.0,1793.35,1847.15,1739.55,1792.26,1774.41
2021-10-28,1801.6,1793.46,1847.26,1739.65,1792.6,1775.06
2021-10-27,1797.9,1793.37,1847.17,1739.57,1792.86,1775.34
2021-10-26,1792.7,1793.33,1847.13,1739.53,1793.09,1775.77
2021-10-25,1806.0,1793.33,1847.13,1739.53,1793.37,1776.18
2021-10-22,1795.5,1793.21,1847.0,1739.41,1793.51,1776.44
2021-10-21,1781.2,1793.18,1846.98,1739.39,1794.1,1776.36
2021-10-20,1784.1,1793.3,1847.1,1739.51,1794.72,1776.54
2021-10-19,1769.7,1793.4,1847.2,1739.6,1795.57,1777.07
2021-10-18,1764.8,1793.64,1847.44,1739.83,1796.44,1777.91
2021-10-15,1767.2,1793.93,1847.74,1740.11,1797.08,1778.32
2021-10-14,1796.7,1794.19,1848.02,1740.37,1797.7,1778.64
2021-10-13,1793.7,1794.17,1847.99,1740.34,1798.12,1778.26
2021-10-12,1758.3,1794.17,1848.0,1740.35,1798.54,1778.05
2021-10-11,1754.6,1794.53,1848.37,1740.7,1799.14,1778.76
2021-10-08,1756.3,1794.94,1848.78,1741.09,1799.74,1779.28
2021-10-07,1757.9,1795.32,1849.18,1741.46,1800.3,1779.09
2021-10-06,1760.5,1795.7,1849.57,1741.83,1800.9,1778.91
2021-10-05,1759.6,1796.05,1849.93,1742.17,1801.53,1778.11
2021-10-04,1766.2,1796.42,1850.31,1742.53,1802.17,1777.21
2021-10-01,1757.0,1796.72,1850.62,1742.82,1802.61,1777.05
2021-09-30,1755.3,1797.12,1851.04,1743.21,1803.09,1778.26
2021-09-29,1721.5,1797.54,1851.47,1743.62,1803.46,1779.64
2021-09-28,1735.8,1798.31,1852.26,1744.36,1804.05,1781.85
2021-09-27,1750.0,1798.94,1852.9,1744.97,1804.54,1783.91
2021-09-24,1749.7,1799.43,1853.41,1745.44,1804.96,1785.47
2021-09-23,1747.7,1799.93,1853.92,1745.93,1805.57,1787.51
2021-09-22,1776.7,1800.45,1854.47,1746.44,1806.14,1788.81
2021-09-21,1776.0,1800.69,1854.71,1746.67,1806.43,1789.38
2021-09-20,1761.8,1800.94,1854.97,1746.91,1806.74,1789.94
2021-09-17,1749.4,1801.33,1855.37,1747.29,1807.06,1790.93
2021-09-16,1754.6,1801.85,1855.91,1747.8,1807.38,1792.32
2021-09-15,1792.4,1802.33,1856.4,1748.26,1807.49,1793.53
2021-09-14,1804.7,1802.43,1856.5,1748.36,1807.43,1793.99
2021-09-13,1792.0,1802.41,1856.48,1748.33,1807.44,1794.09
2021-09-10,1789.6,1802.51,1856.59,1748.44,1807.5,1794.66
2021-09-09,1797.4,1802.64,1856.72,1748.56,1807.74,1795.63
2021-09-08,1790.7,1802.69,1856.77,1748.61,1808.12,1796.3
2021-09-07,1795.9,1802.81,1856.9,1748.73,1808.47,1796.77
2021-09-03,1830.9,1802.88,1856.97,1748.8,1808.86,1797.01
2021-09-02,1808.7,1802.6,1856.68,1748.52,1809.13,1796.48
2021-09-01,1813.1,1802.54,1856.62,1748.46,1809.52,1796.26
2021-08-31,1815.0,1802.43,1856.51,1748.36,1809.88,1795.97
2021-08-30,1809.0,1802.31,1856.38,1748.24,1810.17,1795.43
2021-08-27,1816.6,1802.24,1856.31,1748.17,1810.43,1794.77
2021-08-26,1792.2,1802.1,1856.16,1748.03,1810.72,1793.75
2021-08-25,1788.2,1802.2,1856.26,1748.13,1811.03,1793.22
2021-08-24,1805.6,1802.34,1856.41,1748.27,1811.84,1792.58
2021-08-23,1803.2,1802.3,1856.37,1748.23,1812.54,1791.93
2021-08-20,1781.0,1802.29,1856.36,1748.23,1813.0,1791.27
2021-08-19,1780.2,1802.51,1856.58,1748.43,1813.63,1791.13
2021-08-18,1781.6,1802.73,1856.81,1748.65,1814.18,1791.19
2021-08-17,1785.0,1802.94,1857.03,1748.86,1814.66,1791.05
2021-08-16,1786.9,1803.13,1857.22,1749.03,1815.07,1790.97
2021-08-13,1775.2,1803.29,1857.39,1749.19,1815.51,1790.5
2021-08-12,1749.0,1803.57,1857.68,1749.46,1816.18,1790.46
2021-08-11,1750.4,1804.12,1858.24,1750.0,1816.95,1793.23
2021-08-10,1728.8,1804.66,1858.8,1750.52,1817.71,1795.83
2021-08-09,1723.4,1805.42,1859.58,1751.26,1818.57,1799.21
2021-08-06,1760.0,1806.25,1860.43,1752.06,1819.57,1803.06
2021-08-05,1805.1,1806.71,1860.91,1752.51,1820.33,1806.41
2021-08-04,1810.5,1806.73,1860.93,1752.52,1820.83,1808.62
2021-08-03,1810.1,1806.69,1860.89,1752.49,1821.28,1810.66
2021-08-02,1818.1,1806.65,1860.85,1752.45,1821.75,1812.83
2021-07-30,1812.6,1806.54,1860.74,1752.34,1822.17,1814.62
2021-07-29,1831.2,1806.48,1860.67,1752.28,1822.55,1816.08
2021-07-28,1799.5,1806.23,1860.42,1752.04,1823.0,1817.99
2021-07-27,1799.5,1806.3,1860.49,1752.11,1823.6,1820.58
2021-07-26,1798.7,1806.37,1860.56,1752.17,1824.05,1823.15
2021-07-23,1801.4,1806.44,1860.64,1752.25,1824.47,1825.58
2021-07-22,1805.0,1806.49,1860.69,1752.3,1824.97,1828.07
2021-07-21,1802.9,1806.51,1860.7,1752.31,1825.51,1830.4
2021-07-20,1810.9,1806.54,1860.74,1752.35,1825.99,1832.44
2021-07-19,1808.7,1806.5,1860.7,1752.31,1826.48,1834.09
2021-07-16,1814.5,1806.48,1860.67,1752.28,1826.88,1835.92
2021-07-15,1828.4,1806.4,1860.59,1752.21,1827.28,1837.59
2021-07-14,1824.3,1806.18,1860.36,1751.99,1827.5,1838.57
2021-07-13,1809.4,1806.0,1860.18,1751.82,1827.66,1839.65
2021-07-12,1805.5,1805.96,1860.14,1751.78,1827.96,1840.36
2021-07-09,1810.0,1805.97,1860.14,1751.79,1828.23,1840.82
2021-07-08,1799.6,1805.93,1860.1,1751.75,1828.67,1841.14
2021-07-07,1801.5,1805.99,1860.17,1751.81,1829.18,1842.04
2021-07-06,1793.5,1806.03,1860.21,1751.85,1829.93,1842.94
2021-07-02,1782.6,1806.16,1860.34,1751.97,1830.67,1843.88
2021-07-01,1775.9,1806.4,1860.59,1752.2,1831.56,1844.71
2021-06-30,1770.8,1806.7,1860.9,1752.5,1832.46,1844.91
2021-06-29,1762.8,1807.06,1861.28,1752.85,1833.37,1845.04
2021-06-28,1779.6,1807.51,1861.73,1753.28,1834.24,1845.75
2021-06-25,1776.6,1807.79,1862.02,1753.56,1835.12,1845.44
2021-06-24,1775.6,1808.1,1862.35,1753.86,1835.96,1845.23
2021-06-23,1782.3,1808.43,1862.68,1754.18,1836.74,1845.17
2021-06-22,1776.3,1808.69,1862.95,1754.43,1837.45,1845.06
2021-06-21,1781.8,1809.02,1863.29,1754.75,1838.21,1845.14
2021-06-18,1767.9,1809.29,1863.57,1755.01,1838.97,1845.02
2021-06-17,1773.8,1809.71,1864.0,1755.42,1839.97,1845.35
2021-06-16,1859.5,1810.07,1864.37,1755.77,1840.94,1845.81
2021-06-15,1854.5,1809.57,1863.86,1755.28,1841.47,1843.76
2021-06-14,1864.0,1809.12,1863.39,1754.85,1841.8,1841.63
2021-06-11,1877.4,1808.57,1862.82,1754.31,1842.19,1839.5
2021-06-10,1894.2,1807.88,1862.11,1753.64,1842.36,1836.7
2021-06-09,1893.2,1807.01,1861.22,1752.8,1842.53,1832.72
2021-06-08,1892.2,1806.14,1860.33,1751.96,1842.73,1829.05
2021-06-07,1896.8,1805.28,1859.44,1751.12,1842.94,1825.02
2021-06-04,1889.8,1804.36,1858.49,1750.23,1843.25,1821.18
2021-06-03,1871.2,1803.5,1857.6,1749.39,1843.8,1817.86
2021-06-02,1907.5,1802.82,1856.9,1748.73,1844.37,1814.58
2021-06-01,1902.9,1801.77,1855.82,1747.71,1844.51,1810.43
2021-05-28,1902.5,1800.75,1854.77,1746.73,1844.78,1806.03
2021-05-27,1895.7,1799.73,1853.72,1745.74,1844.95,1801.63
2021-05-26,1901.3,1798.76,1852.73,1744.8,1845.13,1797.09
2021-05-25,1898.1,1797.73,1851.66,1743.8,1845.75,1791.65
2021-05-24,1884.6,1796.72,1850.63,1742.82,1846.31,1787.0
2021-05-21,1876.7,1795.84,1849.72,1741.97,1847.14,1783.19
2021-05-20,1881.8,1795.03,1848.88,1741.18,1847.91,1779.4
2021-05-19,1881.3,1794.16,1847.98,1740.33,1848.51,1775.67
2021-05-18,1867.8,1793.28,1847.08,1739.48,1848.93,1771.76
2021-05-17,1867.5,1792.53,1846.31,1738.75,1849.41,1768.51
2021-05-14,1837.9,1791.78,1845.53,1738.02,1849.78,1765.36
2021-05-13,1823.8,1791.31,1845.05,1737.57,1850.36,1762.71
2021-05-12,1822.6,1790.99,1844.72,1737.26,1850.96,1760.29
2021-05-11,1835.9,1790.67,1844.39,1736.95,1851.51,1757.99
2021-05-10,1837.5,1790.22,1843.92,1736.51,1851.81,1755.31
2021-05-07,1831.1,1789.74,1843.43,1736.05,1852.07,1752.36
2021-05-06,1815.5,1789.32,1843.0,1735.64,1852.24,1749.64
2021-05-05,1784.1,1789.06,1842.73,1735.39,1852.37,1747.29
2021-05-04,1775.8,1789.11,1842.78,1735.44,1852.53,1745.61
2021-05-03,1791.4,1789.24,1842.92,1735.57,1852.69,1743.15
2021-04-30,1767.3,1789.22,1842.9,1735.55,1852.73,1740.82
2021-04-29,1768.1,1789.44,1843.13,1735.76,1852.95,1739.14
2021-04-28,1773.2,1789.66,1843.35,1735.97,1853.16,1737.82
2021-04-27,1778.0,1789.82,1843.52,1736.13,1853.35,1736.82
2021-04-26,1779.2,1789.94,1843.64,1736.24,1853.45,1735.43
2021-04-23,1777.0,1790.05,1843.75,1736.35,1853.55,1734.15
2021-04-22,1781.2,1790.18,1843.89,1736.48,1853.74,1734.09
2021-04-21,1792.3,1790.27,1843.98,1736.56,1853.86,1734.47
2021-04-20,1777.3,1790.25,1843.96,1736.54,1853.84,1734.77
2021-04-19,1769.4,1790.38,1844.09,1736.67,1853.87,1735.51
2021-04-16,1779.0,1790.59,1844.31,1736.87,1853.89,1735.67
2021-04-15,1765.4,1790.71,1844.43,1736.99,1853.96,1735.53
2021-04-14,1734.9,1790.96,1844.69,1737.23,1854.01,1735.67
2021-04-13,1746.2,1791.53,1845.27,1737.78,1854.2,1737.22
2021-04-12,1731.2,1791.98,1845.74,1738.22,1854.28,1739.11
2021-04-09,1743.3,1792.59,1846.37,1738.82,1854.45,1741.45
2021-04-08,1756.8,1793.09,1846.88,1739.3,1854.59,1743.89
2021-04-07,1740.1,1793.45,1847.26,1739.65,1854.59,1745.85
2021-04-06,1741.5,1793.99,1847.81,1740.17,1854.62,1748.14
2021-04-05,1727.0,1794.52,1848.35,1740.68,1854.54,1749.88
2021-04-01,1726.5,1795.2,1849.05,1741.34,1854.55,1751.43
2021-03-31,1713.8,1795.89,1849.76,1742.01,1854.57,1754.07
2021-03-30,1683.9,1796.71,1850.61,1742.81,1854.6,1756.99
2021-03-29,1712.1,1797.84,1851.78,1743.91,1854.83,1761.41
2021-03-26,1732.2,1798.71,1852.67,1744.75,1854.92,1764.79
2021-03-25,1724.9,1799.37,1853.36,1745.39,1854.83,1767.43
2021-03-24,1732.9,1800.12,1854.13,1746.12,1854.78,1770.43
2021-03-23,1724.7,1800.8,1854.82,1746.77,1854.61,1773.38
2021-03-22,1737.8,1801.56,1855.61,1747.52,1854.36,1776.63
2021-03-19,1741.4,1802.2,1856.27,1748.14,1854.27,1779.58
2021-03-18,1732.2,1802.82,1856.9,1748.73,1854.05,1782.68
