Price,Close,EMA200,Upper_Buffer,Lower_Buffer,SMA200,SMA40
Ticker,^IXIC,,,,,
Date,,,,,,
2020-11-24,12036.79,10380.13,10691.54,10068.73,10031.76,11553.32
2020-11-25,12094.4,10397.19,10709.11,10085.27,10043.6,11576.49
2020-11-27,12205.85,10415.19,10727.64,10102.73,10056.07,11598.48
2020-11-30,12198.74,10432.93,10745.92,10119.95,10068.41,11626.57
2020-12-01,12355.11,10452.06,10765.62,10138.5,10081.52,11652.14
2020-12-02,12349.37,10470.94,10785.07,10156.81,10094.18,11682.01
2020-12-03,12377.18,10489.91,10804.6,10175.21,10107.32,11707.32
2020-12-04,12464.23,10509.55,10824.84,10194.26,10121.75,11733.4
2020-12-07,12519.95,10529.55,10845.44,10213.67,10138.25,11756.9
2020-12-08,12582.77,10549.98,10866.48,10233.48,10156.33,11774.56
2020-12-09,12338.95,10567.79,10884.82,10250.75,10173.12,11786.44
2020-12-10,12405.81,10586.07,10903.66,10268.49,10192.32,11802.37
2020-12-11,12377.87,10603.9,10922.02,10285.79,10211.37,11818.97
2020-12-14,12440.04,10622.17,10940.84,10303.51,10228.81,11838.18
2020-12-15,12595.06,10641.8,10961.06,10322.55,10248.37,11866.08
2020-12-16,12658.19,10661.87,10981.72,10342.01,10266.57,11894.63
2020-12-17,12764.75,10682.79,11003.28,10362.31,10286.7,11926.63
2020-12-18,12755.64,10703.42,11024.52,10382.31,10307.6,11957.87
2020-12-21,12742.52,10723.71,11045.42,10402.0,10331.56,11987.73
2020-12-22,12807.92,10744.44,11066.78,10422.11,10353.88,12023.95
2020-12-23,12771.11,10764.61,11087.55,10441.67,10377.97,12057.44
2020-12-24,12804.73,10784.91,11108.46,10461.36,10405.99,12102.44
2020-12-28,12899.42,10805.95,11130.13,10481.77,10431.11,12145.29
2020-12-29,12850.22,10826.29,11151.08,10501.5,10460.84,12193.75
2020-12-30,12870.0,10846.63,11172.03,10521.23,10488.51,12241.56
2020-12-31,12888.28,10866.94,11192.95,10540.93,10518.0,12284.75
2021-01-04,12698.45,10885.17,11211.72,10558.61,10545.74,12312.45
2021-01-05,12818.96,10904.41,11231.54,10577.27,10575.44,12335.65
2021-01-06,12740.79,10922.68,11250.36,10595.0,10604.84,12356.79
2021-01-07,13067.48,10944.02,11272.34,10615.7,10633.09,12390.63
2021-01-08,13201.98,10966.49,11295.48,10637.49,10662.18,12431.83
2021-01-11,13036.43,10987.08,11316.7,10657.47,10688.37,12463.08
2021-01-12,13072.43,11007.83,11338.07,10677.6,10716.22,12497.15
2021-01-13,13128.95,11028.94,11359.81,10698.07,10743.0,12529.64
2021-01-14,13112.64,11049.67,11381.16,10718.18,10770.06,12559.36
2021-01-15,12998.5,11069.06,11401.14,10736.99,10798.25,12586.84
2021-01-19,13197.18,11090.24,11422.95,10757.53,10826.8,12621.72
2021-01-20,13457.25,11113.79,11447.21,10780.38,10857.22,12660.54
2021-01-21,13530.91,11137.84,11471.98,10803.71,10885.31,12702.44
2021-01-22,13543.06,11161.78,11496.63,10826.92,10913.59,12744.0
2021-01-25,13635.99,11186.39,11521.99,10850.8,10941.31,12783.98
2021-01-26,13626.06,11210.67,11546.99,10874.35,10968.67,12822.27
2021-01-27,13270.6,11231.17,11568.1,10894.23,10994.07,12848.89
2021-01-28,13337.16,11252.12,11589.69,10914.56,11018.17,12877.35
2021-01-29,13070.69,11270.22,11608.32,10932.11,11041.56,12895.24
2021-02-01,13403.39,11291.44,11630.19,10952.7,11065.92,12921.59
2021-02-02,13612.78,11314.54,11653.98,10975.1,11090.73,12952.48
2021-02-03,13610.54,11337.39,11677.51,10997.26,11115.98,12981.14
2021-02-04,13777.74,11361.67,11702.52,11020.82,11143.55,13012.58
2021-02-05,13856.3,11386.49,11728.09,11044.9,11170.36,13044.42
2021-02-08,13987.64,11412.37,11754.74,11070.0,11197.82,13085.64
2021-02-09,14007.7,11438.2,11781.34,11095.05,11224.69,13125.68
2021-02-10,13972.53,11463.41,11807.32,11119.51,11250.9,13165.55
2021-02-11,14025.77,11488.91,11833.58,11144.24,11277.99,13205.19
2021-02-12,14095.47,11514.85,11860.29,11169.4,11303.89,13242.7
2021-02-16,14047.5,11540.05,11886.25,11193.85,11329.68,13277.44
2021-02-17,13965.49,11564.18,11911.11,11217.26,11356.48,13307.45
2021-02-18,13865.36,11587.08,11934.69,11239.47,11382.26,13335.2
2021-02-19,13874.46,11609.84,11958.13,11261.54,11407.58,13363.5
2021-02-22,13533.05,11628.97,11977.84,11280.11,11430.98,13381.62
2021-02-23,13465.2,11647.25,11996.66,11297.83,11453.4,13398.98
2021-02-24,13597.97,11666.66,12016.66,11316.66,11475.79,13418.81
2021-02-25,13119.43,11681.11,12031.54,11330.68,11495.42,13424.31
2021-02-26,13192.35,11696.15,12047.03,11345.26,11516.37,13432.86
2021-03-01,13588.83,11714.98,12066.43,11363.53,11540.0,13450.83
2021-03-02,13358.79,11731.34,12083.28,11379.4,11562.08,13462.59
2021-03-03,12997.75,11743.94,12096.26,11391.62,11581.99,13470.08
2021-03-04,12723.47,11753.68,12106.3,11401.07,11599.44,13467.69
2021-03-05,12920.15,11765.29,12118.25,11412.33,11618.11,13472.17
2021-03-08,12609.16,11773.69,12126.9,11420.48,11634.28,13460.72
2021-03-09,13073.82,11786.62,12140.22,11433.03,11653.22,13457.51
2021-03-10,13068.83,11799.38,12153.36,11445.4,11671.94,13458.32
2021-03-11,13398.67,11815.3,12169.76,11460.84,11692.24,13466.48
2021-03-12,13319.86,11830.27,12185.18,11475.36,11711.77,13471.25
2021-03-15,13459.71,11846.48,12201.87,11491.09,11732.23,13479.93
2021-03-16,13471.57,11862.65,12218.53,11506.77,11752.14,13491.75
2021-03-17,13525.2,11879.19,12235.57,11522.82,11772.0,13499.96
2021-03-18,13116.17,11891.5,12248.25,11534.76,11789.54,13491.43
2021-03-19,13215.24,11904.67,12261.81,11547.53,11807.2,13483.54
2021-03-22,13377.54,11919.33,12276.91,11561.75,11826.01,13479.4
2021-03-23,13227.7,11932.35,12290.32,11574.38,11843.08,13469.19
2021-03-24,12961.89,11942.59,12300.87,11584.31,11858.26,13452.59
2021-03-25,12977.68,11952.89,12311.48,11594.3,11873.38,13445.26
2021-03-26,13138.73,11964.69,12323.63,11605.75,11888.98,13440.3
2021-03-29,13059.65,11975.59,12334.85,11616.32,11906.81,13440.03
2021-03-30,13045.39,11986.23,12345.82,11626.64,11924.09,13431.08
2021-03-31,13246.87,11998.77,12358.74,11638.81,11941.7,13421.93
2021-04-01,13480.11,12013.51,12373.92,11653.11,11959.62,13418.67
2021-04-05,13705.59,12030.35,12391.26,11669.44,11978.59,13416.86
2021-04-06,13698.38,12046.95,12408.36,11685.54,11997.37,13412.92
2021-04-07,13688.84,12063.28,12425.18,11701.39,12016.08,13405.45
2021-04-08,13829.31,12080.86,12443.28,11718.43,12034.95,13400.99
2021-04-09,13900.19,12098.96,12461.93,11735.99,12053.79,13399.18
2021-04-12,13850.0,12116.38,12479.87,11752.89,12073.5,13394.78
2021-04-13,13996.1,12135.09,12499.14,11771.03,12093.39,13392.3
2021-04-14,13857.84,12152.23,12516.8,11787.66,12113.89,13387.56
2021-04-15,14038.76,12171.0,12536.13,11805.87,12134.72,13389.39
2021-04-16,14052.34,12189.72,12555.41,11824.03,12154.69,13394.06
2021-04-19,13914.77,12206.88,12573.09,11840.68,12173.49,13395.07
2021-04-20,13786.27,12222.6,12589.28,11855.92,12191.38,13401.4
2021-04-21,13950.22,12239.79,12606.98,11872.6,12208.96,13413.53
2021-04-22,13818.41,12255.5,12623.16,11887.83,12226.34,13419.04
2021-04-23,14016.81,12273.02,12641.21,11904.83,12243.96,13441.47
2021-04-26,14138.78,12291.59,12660.34,11922.84,12261.91,13465.13
2021-04-27,14090.22,12309.48,12678.77,11940.2,12279.28,13477.67
2021-04-28,14051.03,12326.81,12696.62,11957.01,12297.58,13494.98
2021-04-29,14082.55,12344.28,12714.61,11973.95,12315.55,13522.1
2021-04-30,13962.68,12360.39,12731.2,11989.58,12332.61,13553.08
2021-05-03,13895.12,12375.66,12746.93,12004.39,12349.71,13577.45
2021-05-04,13633.5,12388.17,12759.82,12016.53,12365.37,13603.06
2021-05-05,13582.42,12400.06,12772.06,12028.06,12379.44,13615.77
2021-05-06,13632.84,12412.32,12784.69,12039.95,12394.2,13629.87
2021-05-07,13752.24,12425.66,12798.43,12052.89,12409.44,13638.71
2021-05-10,13401.86,12435.37,12808.43,12062.31,12424.14,13640.76
2021-05-11,13389.43,12444.86,12818.21,12071.52,12439.27,13639.01
2021-05-12,13031.68,12450.7,12824.22,12077.18,12451.75,13628.01
2021-05-13,13124.99,12457.41,12831.13,12083.69,12465.36,13618.0
2021-05-14,13429.98,12467.09,12841.1,12093.08,12479.8,13625.85
2021-05-17,13379.05,12476.16,12850.45,12101.88,12493.75,13629.94
2021-05-18,13303.64,12484.4,12858.93,12109.86,12506.54,13628.1
2021-05-19,13299.74,12492.51,12867.28,12117.73,12518.53,13629.9
2021-05-20,13535.74,12502.89,12877.98,12127.8,12531.5,13644.24
2021-05-21,13470.99,12512.52,12887.9,12137.15,12543.86,13656.58
2021-05-24,13661.17,12523.95,12899.67,12148.23,12556.63,13669.64
2021-05-25,13657.17,12535.23,12911.28,12159.17,12569.86,13684.58
2021-05-26,13738.0,12547.2,12923.61,12170.78,12583.71,13701.89
2021-05-27,13736.28,12559.03,12935.8,12182.26,12598.48,13714.13
2021-05-28,13748.74,12570.86,12947.99,12193.74,12612.16,13720.84
2021-06-01,13736.48,12582.46,12959.94,12204.99,12625.63,13721.61
2021-06-02,13756.33,12594.14,12971.97,12216.32,12639.31,13723.06
2021-06-03,13614.51,12604.3,12982.42,12226.17,12651.74,13721.2
2021-06-04,13814.49,12616.34,12994.83,12237.85,12664.76,13720.83
2021-06-07,13881.72,12628.93,13007.8,12250.06,12678.43,13720.37
2021-06-08,13924.91,12641.82,13021.08,12262.57,12691.73,13722.24
2021-06-09,13911.75,12654.46,13034.09,12274.83,12704.73,13720.14
2021-06-10,14020.33,12668.05,13048.09,12288.01,12717.93,13724.2
2021-06-11,14069.42,12681.99,13062.45,12301.53,12730.95,13724.96
2021-06-14,14174.14,12696.84,13077.75,12315.94,12743.49,13728.01
2021-06-15,14072.86,12710.53,13091.85,12329.22,12755.73,13731.96
2021-06-16,14039.68,12723.76,13105.47,12342.05,12767.45,13738.3
2021-06-17,14161.35,12738.06,13120.21,12355.92,12779.38,13743.58
2021-06-18,14030.38,12750.92,13133.45,12368.39,12789.84,13748.88
2021-06-21,14141.48,12764.76,13147.7,12381.82,12800.26,13751.99
2021-06-22,14253.27,12779.57,13162.96,12396.18,12814.24,13754.85
2021-06-23,14271.73,12794.42,13178.25,12410.58,12829.03,13759.39
2021-06-24,14369.71,12810.09,13194.39,12425.79,12846.64,13767.36
2021-06-25,14360.39,12825.52,13210.28,12440.75,12862.73,13774.3
2021-06-28,14500.51,12842.18,13227.45,12456.92,12880.64,13787.75
2021-06-29,14528.33,12858.96,13244.73,12473.19,12899.01,13803.58
2021-06-30,14503.95,12875.33,13261.59,12489.07,12916.25,13825.34
2021-07-01,14522.38,12891.72,13278.47,12504.97,12932.91,13848.84
2021-07-02,14639.33,12909.11,13296.38,12521.83,12950.85,13874.0
2021-07-06,14663.64,12926.57,13314.36,12538.77,12969.62,13896.79
2021-07-07,14665.06,12943.86,13332.18,12555.55,12988.98,13928.37
2021-07-08,14559.78,12959.94,13348.74,12571.14,13007.88,13957.63
2021-07-09,14701.92,12977.28,13366.59,12587.96,13026.58,13999.38
2021-07-12,14733.24,12994.75,13384.59,12604.91,13047.08,14039.59
2021-07-13,14677.65,13011.49,13401.84,12621.15,13067.1,14070.78
2021-07-14,14644.95,13027.75,13418.58,12636.91,13085.76,14102.43
2021-07-15,14543.13,13042.83,13434.11,12651.54,13102.89,14133.42
2021-07-16,14427.24,13056.6,13448.3,12664.9,13119.6,14161.6
2021-07-19,14274.98,13068.72,13460.79,12676.66,13135.14,14180.08
2021-07-20,14498.88,13082.95,13475.44,12690.47,13151.0,14205.78
2021-07-21,14631.95,13098.37,13491.32,12705.42,13168.78,14230.05
2021-07-22,14684.6,13114.15,13507.57,12720.73,13185.54,14255.74
2021-07-23,14836.99,13131.29,13525.23,12737.35,13203.95,14283.21
2021-07-26,14840.71,13148.3,13542.75,12753.85,13221.34,14310.82
2021-07-27,14660.58,13163.35,13558.25,12768.45,13237.53,14333.62
2021-07-28,14762.58,13179.26,13574.64,12783.88,13253.45,14359.27
2021-07-29,14778.26,13195.17,13591.03,12799.32,13267.96,14384.82
2021-07-30,14672.68,13209.87,13606.17,12813.58,13282.0,14411.27
2021-08-02,14681.07,13224.51,13621.25,12827.78,13296.56,14432.94
2021-08-03,14761.29,13239.8,13637.0,12842.61,13311.8,14454.93
2021-08-04,14780.53,13255.14,13652.79,12857.48,13327.34,14476.32
2021-08-05,14895.12,13271.45,13669.6,12873.31,13344.43,14500.9
2021-08-06,14835.76,13287.02,13685.63,12888.41,13361.02,14521.29
2021-08-09,14860.18,13302.67,13701.75,12903.59,13377.9,14541.06
2021-08-10,14788.09,13317.45,13716.98,12917.93,13394.31,14556.41
2021-08-11,14765.14,13331.86,13731.81,12931.9,13410.39,14573.71
2021-08-12,14816.26,13346.63,13747.03,12946.23,13427.68,14593.13
2021-08-13,14822.9,13361.32,13762.16,12960.48,13444.64,14609.67
2021-08-16,14793.76,13375.57,13776.84,12974.3,13463.58,14628.75
2021-08-17,14656.18,13388.31,13789.96,12986.66,13480.94,14641.62
2021-08-18,14525.91,13399.63,13801.62,12997.64,13499.01,14648.43
2021-08-19,14541.79,13411.0,13813.33,13008.67,13516.93,14655.18
2021-08-20,14714.66,13423.97,13826.69,13021.25,13534.7,14663.81
2021-08-23,14942.65,13439.08,13842.25,13035.91,13551.46,14678.37
2021-08-24,15019.8,13454.81,13858.45,13051.16,13567.1,14691.35
2021-08-25,15041.86,13470.6,13874.72,13066.48,13582.84,14704.19
2021-08-26,14945.81,13485.28,13889.84,13080.72,13599.0,14715.23
2021-08-27,15129.5,13501.64,13906.69,13096.59,13616.87,14730.41
2021-08-30,15265.89,13519.19,13924.77,13113.62,13634.27,14746.07
2021-08-31,15259.24,13536.51,13942.6,13130.41,13652.02,14760.96
2021-09-01,15309.38,13554.15,13960.77,13147.52,13669.42,14777.07
2021-09-02,15331.18,13571.83,13978.98,13164.67,13686.45,14796.36
2021-09-03,15363.52,13589.66,13997.35,13181.97,13703.78,14812.9
2021-09-07,15374.33,13607.42,14015.64,13199.19,13721.64,14828.92
2021-09-08,15286.64,13624.12,14032.85,13215.4,13738.55,14844.15
2021-09-09,15248.25,13640.28,14049.49,13231.08,13755.52,14859.23
2021-09-10,15115.49,13654.96,14064.61,13245.31,13771.69,14873.54
2021-09-13,15105.58,13669.4,14079.48,13259.32,13787.03,14890.5
2021-09-14,15037.76,13683.01,14093.5,13272.52,13801.75,14909.57
2021-09-15,15161.53,13697.72,14108.66,13286.79,13816.53,14926.13
2021-09-16,15181.92,13712.49,14123.87,13301.12,13831.44,14939.88
2021-09-17,15043.97,13725.74,14137.51,13313.97,13844.89,14948.87
2021-09-20,14713.9,13735.57,14147.64,13323.51,13856.71,14945.79
2021-09-21,14746.4,13745.63,14158.0,13333.26,13868.56,14943.43
2021-09-22,14896.85,13757.09,14169.8,13344.37,13880.72,14949.34
2021-09-23,15052.24,13769.97,14183.07,13356.87,13893.38,14956.58
2021-09-24,15047.7,13782.69,14196.17,13369.21,13905.71,14963.32
2021-09-27,14969.97,13794.5,14208.34,13380.67,13918.86,14970.75
2021-09-28,14546.68,13801.99,14216.04,13387.93,13929.57,14967.39
2021-09-29,14512.44,13809.05,14223.33,13394.78,13940.24,14961.17
2021-09-30,14448.58,13815.42,14229.88,13400.96,13950.28,14952.87
2021-10-01,14566.7,13822.89,14237.58,13408.21,13960.14,14944.66
2021-10-04,14255.48,13827.2,14242.01,13412.38,13968.13,14930.15
2021-10-05,14433.83,13833.23,14248.23,13418.24,13976.47,14919.49
2021-10-06,14501.91,13839.89,14255.08,13424.69,13985.2,14912.34
2021-10-07,14654.02,13847.99,14263.43,13432.55,13994.76,14909.56
2021-10-08,14579.54,13855.27,14270.93,13439.61,14003.62,14903.64
2021-10-11,14486.2,13861.55,14277.39,13445.7,14012.19,14895.23
2021-10-12,14465.92,13867.56,14283.59,13451.53,14020.5,14887.03
2021-10-13,14571.64,13874.56,14290.8,13458.33,14028.86,14884.92
2021-10-14,14823.43,13884.01,14300.53,13467.49,14038.73,14892.35
2021-10-15,14897.34,13894.09,14310.91,13477.27,14048.86,14901.24
2021-10-18,15021.81,13905.31,14322.47,13488.15,14059.53,14908.92
2021-10-19,15129.09,13917.49,14335.01,13499.96,14071.69,14913.58
2021-10-20,15121.68,13929.47,14347.35,13511.58,14083.2,14916.13
2021-10-21,15215.7,13942.27,14360.54,13524.0,14095.57,14920.48
2021-10-22,15090.2,13953.69,14372.3,13535.08,14105.69,14924.09
2021-10-25,15226.71,13966.36,14385.35,13547.37,14115.81,14926.52
2021-10-26,15235.71,13978.99,14398.36,13559.62,14126.81,14925.76
2021-10-27,15235.84,13991.49,14411.24,13571.75,14137.62,14925.18
2021-10-28,15448.12,14005.99,14426.17,13585.81,14149.22,14928.64
2021-10-29,15498.39,14020.84,14441.46,13600.21,14161.15,14932.83
2021-11-01,15595.92,14036.51,14457.6,13615.41,14174.14,14938.64
2021-11-02,15649.6,14052.56,14474.14,13630.98,14186.4,14945.52
2021-11-03,15811.58,14070.06,14492.16,13647.96,14198.17,14958.64
2021-11-04,15940.31,14088.67,14511.33,13666.01,14210.22,14975.94
2021-11-05,15971.59,14107.41,14530.63,13684.18,14222.36,14997.34
2021-11-08,15982.36,14126.06,14549.85,13702.28,14234.09,15019.26
2021-11-09,15886.54,14143.58,14567.89,13719.27,14245.39,15040.48
2021-11-10,15622.71,14158.3,14583.05,13733.55,14257.15,15052.01
2021-11-11,15704.28,14173.68,14598.89,13748.47,14268.99,15065.07
2021-11-12,15860.96,14190.47,14616.18,13764.76,14282.94,15085.5
2021-11-15,15853.85,14207.02,14633.23,13780.81,14295.19,15114.0
2021-11-16,15973.86,14224.6,14651.34,13797.86,14307.0,15144.68
2021-11-17,15921.57,14241.49,14668.73,13814.24,14318.55,15170.3
2021-11-18,15993.71,14258.92,14686.69,13831.15,14329.63,15193.84
2021-11-19,16057.44,14276.82,14705.12,13848.51,14340.64,15219.08
2021-11-22,15854.76,14292.52,14721.29,13863.74,14349.97,15241.2
2021-11-23,15775.14,14307.27,14736.49,13878.05,14358.81,15271.91
2021-11-24,15845.23,14322.57,14752.25,13892.9,14368.18,15305.23
2021-11-26,15491.66,14334.21,14764.23,13904.18,14375.51,15331.31
2021-11-29,15782.83,14348.62,14779.08,13918.16,14383.94,15361.71
2021-11-30,15537.69,14360.45,14791.27,13929.64,14391.39,15393.77
2021-12-01,15254.05,14369.34,14800.42,13938.26,14397.84,15414.27
2021-12-02,15381.32,14379.41,14810.8,13948.03,14405.42,15436.26
2021-12-03,15085.47,14386.44,14818.03,13954.85,14411.47,15447.04
2021-12-06,15225.15,14394.78,14826.63,13962.94,14419.93,15463.18
2021-12-07,15686.92,14407.64,14839.87,13975.41,14431.04,15493.2
2021-12-08,15786.99,14421.37,14854.01,13988.73,14441.98,15526.23
2021-12-09,15517.37,14432.27,14865.24,13999.3,14453.97,15549.87
2021-12-10,15630.6,14444.2,14877.52,14010.87,14466.17,15570.05
2021-12-13,15413.28,14453.84,14887.45,14020.22,14475.29,15582.95
2021-12-14,15237.64,14461.64,14895.49,14027.79,14484.68,15588.35
2021-12-15,15565.58,14472.62,14906.8,14038.44,14497.52,15599.26
2021-12-16,15180.43,14479.66,14914.05,14045.27,14509.81,15600.73
2021-12-17,15169.68,14486.53,14921.13,14051.93,14521.05,15599.58
2021-12-20,14980.94,14491.45,14926.19,14056.71,14532.91,15596.84
2021-12-21,15341.09,14499.9,14934.9,14064.91,14544.25,15599.7
2021-12-22,15521.89,14510.07,14945.37,14074.77,14556.51,15606.86
2021-12-23,15653.37,14521.45,14957.09,14085.81,14567.79,15617.3
2021-12-27,15871.26,14534.88,14970.93,14098.83,14580.54,15627.88
2021-12-28,15781.72,14547.29,14983.7,14110.87,14592.15,15634.96
2021-12-29,15766.22,14559.41,14996.2,14122.63,14603.63,15639.22
2021-12-30,15741.56,14571.18,15008.31,14134.04,14614.71,15641.51
2021-12-31,15644.97,14581.86,15019.32,14144.41,14627.35,15637.35
2022-01-03,15832.8,14594.31,15032.14,14156.48,14640.44,15634.66
2022-01-04,15622.72,14604.54,15042.68,14166.41,14651.67,15625.94
2022-01-05,15100.17,14609.47,15047.76,14171.19,14661.03,15603.89
2022-01-06,15080.86,14614.16,15052.59,14175.74,14671.62,15583.74
2022-01-07,14935.9,14617.37,15055.89,14178.84,14681.42,15566.57
2022-01-10,14942.83,14620.6,15059.22,14181.99,14690.44,15547.54
2022-01-11,15153.45,14625.91,15064.68,14187.13,14700.91,15529.85
2022-01-12,15188.39,14631.5,15070.45,14192.56,14711.62,15513.21
2022-01-13,14806.81,14633.25,15072.24,14194.25,14719.42,15484.04
2022-01-14,14893.75,14635.84,15074.91,14196.76,14726.49,15458.34
2022-01-18,14506.9,14634.56,15073.59,14195.52,14730.49,15421.17
2022-01-19,14340.26,14631.63,15070.58,14192.68,14733.7,15378.24
2022-01-20,14154.02,14626.88,15065.68,14188.07,14736.03,15335.72
2022-01-21,13768.92,14618.34,15056.89,14179.79,14735.73,15285.57
2022-01-24,13855.13,14610.74,15049.07,14172.42,14735.5,15235.81
2022-01-25,13539.29,14600.08,15038.09,14162.08,14733.95,15187.01
2022-01-26,13542.12,14589.56,15027.24,14151.87,14731.68,15130.99
2022-01-27,13352.78,14577.25,15014.57,14139.93,14729.15,15076.36
2022-01-28,13770.57,14569.22,15006.3,14132.15,14727.81,15039.28
2022-01-31,14239.88,14565.95,15002.92,14128.97,14728.75,15010.74
2022-02-01,14346.0,14563.76,15000.67,14126.85,14730.91,14992.26
2022-02-02,14417.55,14562.3,14999.17,14125.43,14734.06,14972.07
2022-02-03,13878.82,14555.5,14992.17,14118.84,14733.71,14926.86
2022-02-04,14098.01,14550.95,14987.48,14114.42,14735.1,14884.64
2022-02-07,14015.67,14545.62,14981.99,14109.26,14735.1,14847.1
2022-02-08,14194.45,14542.13,14978.39,14105.87,14735.38,14811.19
2022-02-09,14490.37,14541.61,14977.86,14105.37,14737.38,14788.12
2022-02-10,14185.64,14538.07,14974.21,14101.93,14738.05,14761.82
2022-02-11,13791.15,14530.64,14966.56,14094.72,14736.59,14717.46
2022-02-14,13790.92,14523.28,14958.98,14087.58,14735.74,14682.72
2022-02-15,14139.76,14519.46,14955.05,14083.88,14736.96,14656.97
2022-02-16,14124.09,14515.53,14951.0,14080.06,14739.41,14635.55
2022-02-17,13716.72,14507.58,14942.81,14072.35,14740.08,14594.94
2022-02-18,13548.07,14498.03,14932.98,14063.09,14739.66,14545.6
2022-02-22,13381.52,14486.92,14921.53,14052.32,14737.81,14488.8
2022-02-23,13037.49,14472.5,14906.68,14038.33,14735.98,14417.96
2022-02-24,13473.59,14462.56,14896.44,14028.69,14736.4,14360.25
2022-02-25,13694.62,14454.92,14888.57,14021.27,14739.72,14308.46
2022-02-28,13751.4,14447.92,14881.36,14014.48,14742.85,14258.71
2022-03-01,13532.46,14438.81,14871.98,14005.65,14743.36,14205.9
2022-03-02,13752.02,14431.98,14864.94,13999.02,14745.23,14153.88
2022-03-03,13537.94,14423.08,14855.78,13990.39,14746.4,14101.76
2022-03-04,13313.44,14412.04,14844.4,13979.68,14746.47,14057.09
2022-03-07,12830.96,14396.31,14828.2,13964.42,14742.94,14000.84
2022-03-08,12795.55,14380.38,14811.79,13948.97,14739.57,13947.33
2022-03-09,13255.55,14369.19,14800.26,13938.11,14737.54,13905.15
2022-03-10,13129.96,14356.86,14787.56,13926.15,14734.9,13854.56
2022-03-11,12843.81,14341.8,14772.06,13911.55,14730.43,13795.95
2022-03-14,12581.22,14324.28,14754.01,13894.56,14724.66,13740.31
2022-03-15,12948.62,14310.6,14739.91,13881.28,14720.66,13691.68
2022-03-16,13436.55,14301.9,14730.96,13872.84,14719.16,13664.92
2022-03-17,13614.78,14295.06,14723.91,13866.21,14718.45,13646.79
2022-03-18,13893.84,14291.07,14719.8,13862.34,14719.85,13640.28
2022-03-21,13838.46,14286.57,14715.16,13857.97,14719.97,13642.02
2022-03-22,14108.82,14284.8,14713.34,13856.25,14721.1,13648.36
2022-03-23,13922.6,14281.19,14709.63,13852.76,14721.09,13657.94
2022-03-24,14191.84,14280.31,14708.71,13851.9,14722.49,13674.19
2022-03-25,14169.3,14279.2,14707.58,13850.82,14723.23,13694.6
2022-03-28,14354.9,14279.95,14708.35,13851.56,14724.66,13709.21
2022-03-29,14619.64,14283.33,14711.83,13854.83,14726.89,13718.7
2022-03-30,14442.27,14284.92,14713.46,13856.37,14728.74,13721.11
2022-03-31,14220.52,14284.27,14712.8,13855.75,14729.64,13716.18
2022-04-01,14261.5,14284.05,14712.57,13855.53,14730.14,13725.75
2022-04-04,14532.55,14286.52,14715.12,13857.93,14732.65,13736.61
2022-04-05,14204.17,14285.7,14714.27,13857.13,14732.97,13741.33
2022-04-06,13888.82,14281.75,14710.2,13853.3,14731.14,13733.69
2022-04-07,13897.3,14277.93,14706.26,13849.59,14729.27,13718.86
2022-04-08,13711.0,14272.29,14700.45,13844.12,14725.98,13706.99
2022-04-11,13411.96,14263.73,14691.64,13835.81,14721.24,13697.51
2022-04-12,13371.57,14254.85,14682.49,13827.2,14715.59,13687.03
2022-04-13,13643.59,14248.77,14676.23,13821.3,14711.17,13674.63
2022-04-14,13351.08,14239.83,14667.03,13812.64,14705.4,13655.3
2022-04-18,13332.36,14230.8,14657.73,13803.88,14699.45,13645.69
2022-04-19,13619.66,14224.72,14651.46,13797.98,14694.35,13647.48
2022-04-20,13453.07,14217.04,14643.56,13790.53,14688.3,13649.27
2022-04-21,13174.65,14206.67,14632.87,13780.47,14680.85,13652.7
2022-04-22,12839.29,14193.07,14618.86,13767.28,14672.25,13636.84
2022-04-25,13004.85,14181.24,14606.68,13755.81,14663.76,13619.6
2022-04-26,12490.74,14164.42,14589.36,13739.49,14652.55,13588.08
2022-04-27,12488.93,14147.75,14572.18,13723.32,14641.61,13561.99
2022-04-28,12871.53,14135.05,14559.1,13711.0,14632.74,13539.98
2022-04-29,12334.64,14117.14,14540.65,13693.62,14621.7,13509.9
2022-05-02,12536.02,14101.41,14524.45,13678.36,14612.24,13490.46
2022-05-03,12563.76,14086.11,14508.69,13663.52,14603.68,13483.78
2022-05-04,12964.86,14074.95,14497.2,13652.7,14596.01,13488.01
2022-05-05,12317.69,14057.46,14479.19,13635.74,14584.44,13464.57
2022-05-06,12144.66,14038.43,14459.58,13617.28,14571.74,13439.94
2022-05-09,11623.25,14014.4,14434.83,13593.97,14555.67,13409.42
2022-05-10,11737.67,13991.75,14411.5,13571.99,14540.16,13388.33
2022-05-11,11364.24,13965.6,14384.57,13546.63,14523.68,13348.72
2022-05-12,11370.96,13939.78,14357.98,13521.59,14506.72,13297.08
2022-05-13,11805.0,13918.54,14336.1,13500.99,14491.85,13251.84
2022-05-16,11662.79,13896.1,14312.98,13479.21,14476.8,13196.06
2022-05-17,11984.52,13877.08,14293.39,13460.76,14463.32,13149.71
2022-05-18,11418.15,13852.61,14268.19,13437.03,14446.6,13082.45
2022-05-19,11388.5,13828.09,14242.93,13413.25,14429.64,13019.09
2022-05-20,11354.62,13803.48,14217.58,13389.37,14411.94,12948.16
2022-05-23,11535.27,13780.91,14194.34,13367.48,14395.44,12882.31
2022-05-24,11264.45,13755.87,14168.55,13343.19,14377.46,12805.05
2022-05-25,11434.74,13732.77,14144.76,13320.79,14360.69,12725.43
2022-05-26,11740.65,13712.95,14124.34,13301.56,14345.57,12657.89
2022-05-27,12131.13,13697.21,14108.13,13286.3,14332.15,12605.65
2022-05-31,12081.39,13681.14,14091.57,13270.7,14318.44,12551.15
2022-06-01,11994.46,13664.35,14074.28,13254.42,14304.44,12487.7
2022-06-02,12316.9,13650.94,14060.47,13241.42,14292.75,12440.52
2022-06-03,12012.73,13634.64,14043.68,13225.6,14280.18,12393.62
2022-06-06,12061.37,13618.99,14027.56,13210.42,14267.78,12347.72
2022-06-07,12175.23,13604.62,14012.76,13196.49,14255.08,12309.32
2022-06-08,12086.27,13589.52,13997.2,13181.83,14240.8,12276.18
2022-06-09,11754.23,13571.25,13978.39,13164.12,14224.47,12235.75
2022-06-10,11340.02,13549.05,13955.52,13142.58,14205.96,12178.16
2022-06-13,10809.23,13521.79,13927.44,13116.14,14185.28,12114.61
2022-06-14,10828.35,13494.99,13899.84,13090.14,14163.77,12052.01
2022-06-15,11099.15,13471.15,13875.29,13067.02,14142.94,11989.0
2022-06-16,10646.1,13443.04,13846.33,13039.75,14119.87,11918.82
2022-06-17,10798.35,13416.73,13819.23,13014.22,14097.32,11859.42
2022-06-21,11069.3,13393.37,13795.17,12991.57,14076.01,11815.17
2022-06-22,11053.08,13370.08,13771.18,12968.98,14054.46,11766.37
2022-06-23,11232.19,13348.81,13749.27,12948.35,14033.75,11734.91
2022-06-24,11607.62,13331.48,13731.43,12931.54,14015.35,11712.88
2022-06-27,11524.55,13313.5,13712.91,12914.1,13996.73,11679.2
2022-06-28,11181.54,13292.29,13691.06,12893.52,13977.06,11650.37
2022-06-29,11177.89,13271.25,13669.39,12873.11,13957.42,11616.42
2022-06-30,11028.74,13248.94,13646.41,12851.47,13937.38,11578.05
2022-07-01,11127.85,13227.83,13624.67,12831.0,13917.21,11532.12
2022-07-05,11322.24,13208.87,13605.14,12812.61,13897.91,11507.23
2022-07-06,11361.85,13190.49,13586.21,12794.78,13879.5,11487.66
2022-07-07,11621.35,13174.88,13570.13,12779.63,13864.04,11487.62
2022-07-08,11635.31,13159.56,13554.35,12764.77,13848.48,11485.06
2022-07-11,11372.6,13141.78,13536.03,12747.53,13830.86,11485.27
2022-07-12,11264.73,13123.1,13516.8,12729.41,13811.92,11482.61
2022-07-13,11247.58,13104.44,13497.58,12711.31,13792.92,11468.68
2022-07-14,11251.19,13086.0,13478.58,12693.42,13774.33,11458.39
2022-07-15,11452.42,13069.75,13461.84,12677.65,13758.86,11445.08
2022-07-18,11360.05,13052.74,13444.32,12661.15,13743.1,11443.63
2022-07-19,11713.15,13039.41,13430.59,12648.22,13729.42,11451.75
2022-07-20,11897.65,13028.05,13418.89,12637.2,13716.07,11465.32
2022-07-21,12059.61,13018.41,13408.96,12627.86,13705.1,11478.43
2022-07-22,11834.11,13006.62,13396.82,12616.43,13692.1,11492.67
2022-07-25,11782.67,12994.45,13384.28,12604.61,13678.5,11501.37
2022-07-26,11562.57,12980.2,13369.6,12590.79,13663.04,11496.92
2022-07-27,12032.42,12970.77,13359.89,12581.65,13650.31,11494.45
2022-07-28,12162.59,12962.73,13351.61,12573.84,13638.69,11496.48
2022-07-29,12390.69,12957.03,13345.75,12568.32,13628.31,11506.39
2022-08-01,12368.98,12951.18,13339.72,12562.65,13617.3,11507.69
2022-08-02,12348.76,12945.19,13333.54,12556.83,13604.93,11516.09
2022-08-03,12668.16,12942.43,13330.71,12554.16,13593.78,11531.26
2022-08-04,12720.58,12940.23,13328.43,12552.02,13582.27,11544.89
2022-08-05,12657.55,12937.41,13325.53,12549.29,13569.92,11559.18
2022-08-08,12644.46,12934.5,13322.53,12546.46,13557.53,11581.43
2022-08-09,12493.93,12930.11,13318.02,12542.21,13543.92,11610.28
2022-08-10,12854.8,12929.36,13317.25,12541.48,13532.75,11661.42
2022-08-11,12779.91,12927.88,13315.71,12540.04,13520.51,11710.21
2022-08-12,13047.19,12929.06,13316.94,12541.19,13509.57,11758.91
2022-08-15,13128.05,12931.04,13318.98,12543.11,13499.03,11820.96
2022-08-16,13102.55,12932.75,13320.73,12544.77,13487.3,11878.56
2022-08-17,12938.12,12932.8,13320.79,12544.82,13474.5,11925.28
2022-08-18,12965.34,12933.13,13321.12,12545.13,13461.35,11973.09
2022-08-19,12705.22,12930.86,13318.79,12542.93,13446.63,12009.91
2022-08-22,12381.57,12925.39,13313.16,12537.63,13429.48,12029.26
2022-08-23,12381.3,12919.98,13307.58,12532.38,13411.68,12050.68
2022-08-24,12431.53,12915.12,13302.57,12527.67,13393.98,12081.93
2022-08-25,12639.27,12912.38,13299.75,12525.0,13377.26,12118.47
2022-08-26,12141.71,12904.71,13291.85,12517.57,13358.54,12146.29
2022-08-29,12017.67,12895.88,13282.76,12509.0,13340.52,12168.54
2022-08-30,11883.14,12885.8,13272.38,12499.23,13321.41,12182.56
2022-08-31,11816.2,12875.16,13261.42,12488.91,13301.19,12193.92
2022-09-01,11785.13,12864.32,13250.24,12478.39,13280.84,12198.01
2022-09-02,11630.86,12852.04,13237.6,12466.48,13259.13,12197.9
2022-09-06,11544.91,12839.04,13224.21,12453.86,13237.24,12202.21
2022-09-07,11791.9,12828.62,13213.48,12443.76,13216.23,12215.39
2022-09-08,11862.13,12819.0,13203.57,12434.43,13195.26,12230.75
2022-09-09,12112.31,12811.97,13196.33,12427.61,13176.55,12252.28
2022-09-12,12266.41,12806.54,13190.74,12422.34,13159.0,12272.63
2022-09-13,11633.57,12794.87,13178.71,12411.02,13137.94,12279.47
2022-09-14,11719.68,12784.17,13167.7,12400.64,13119.08,12279.63
2022-09-15,11552.36,12771.91,13155.07,12388.76,13097.93,12271.0
2022-09-16,11448.4,12758.74,13141.51,12375.98,13077.49,12255.72
2022-09-19,11535.02,12746.57,13128.96,12364.17,13058.89,12248.24
2022-09-20,11425.05,12733.42,13115.42,12351.42,13039.11,12239.3
2022-09-21,11220.19,12718.36,13099.91,12336.81,13019.78,12230.74
2022-09-22,11066.81,12701.93,13082.99,12320.87,12998.99,12206.6
2022-09-23,10867.93,12683.68,13064.19,12303.17,12974.9,12174.23
2022-09-26,10802.92,12664.96,13044.91,12285.02,12949.98,12134.54
2022-09-27,10829.5,12646.7,13026.1,12267.3,12926.54,12096.05
2022-09-28,11051.64,12630.83,13009.76,12251.91,12903.64,12063.62
2022-09-29,10737.51,12611.99,12990.35,12233.63,12880.26,12015.36
2022-09-30,10575.62,12591.73,12969.48,12213.98,12856.95,11961.73
2022-10-03,10815.43,12574.05,12951.28,12196.83,12833.2,11915.68
2022-10-04,11176.41,12560.15,12936.95,12183.34,12813.18,11878.98
2022-10-05,11148.64,12546.1,12922.49,12169.72,12793.08,11845.35
2022-10-06,11073.31,12531.45,12907.39,12155.5,12773.54,11800.81
2022-10-07,10652.4,12512.75,12888.13,12137.37,12750.09,11747.62
2022-10-10,10542.1,12493.14,12867.94,12118.35,12725.2,11685.0
2022-10-11,10426.19,12472.58,12846.75,12098.4,12699.06,11617.45
2022-10-12,10417.1,12452.12,12825.69,12078.56,12671.79,11550.31
2022-10-13,10649.15,12434.18,12807.21,12061.16,12646.13,11493.09
2022-10-14,10321.39,12413.16,12785.56,12040.77,12618.9,11426.99
2022-10-17,10675.8,12395.87,12767.75,12024.0,12593.57,11376.25
2022-10-18,10772.4,12379.72,12751.11,12008.33,12569.21,11336.02
2022-10-19,10680.51,12362.81,12733.7,11991.93,12543.45,11293.5
2022-10-20,10614.84,12345.42,12715.78,11975.06,12518.41,11248.09
2022-10-21,10859.72,12330.64,12700.55,11960.72,12497.21,11203.6
2022-10-24,10952.61,12316.92,12686.43,11947.42,12476.57,11173.87
2022-10-25,11199.12,12305.8,12674.98,11936.63,12457.88,11153.41
2022-10-26,10970.99,12292.52,12661.3,11923.74,12438.02,11130.6
2022-10-27,10792.67,12277.6,12645.92,11909.27,12416.22,11105.02
2022-10-28,11102.45,12265.9,12633.88,11897.93,12395.79,11087.95
2022-10-31,10988.15,12253.19,12620.78,11885.59,12376.7,11071.88
2022-11-01,10890.85,12239.63,12606.82,11872.44,12356.68,11055.53
2022-11-02,10524.8,12222.57,12589.25,11855.89,12336.77,11023.85
2022-11-03,10342.94,12203.87,12569.98,11837.75,12316.78,10985.87
2022-11-04,10475.25,12186.67,12552.27,11821.07,12298.39,10944.95
2022-11-07,10564.52,12170.53,12535.64,11805.41,12282.37,10902.4
2022-11-08,10616.2,12155.06,12519.71,11790.41,12266.17,10876.96
2022-11-09,10353.17,12137.13,12501.25,11773.02,12250.24,10842.8
2022-11-10,11114.15,12126.95,12490.76,11763.14,12238.1,10831.85
2022-11-11,11323.33,12118.96,12482.53,11755.39,12227.96,10828.72
2022-11-14,11196.22,12109.78,12473.07,11746.48,12215.08,10820.25
2022-11-15,11358.41,12102.3,12465.37,11739.23,12200.68,10818.58
2022-11-16,11183.66,12093.16,12455.95,11730.36,12184.87,10817.67
2022-11-17,11144.96,12083.72,12446.23,11721.21,12168.5,10819.62
2022-11-18,11146.06,12074.39,12436.63,11712.16,12154.84,10826.58
2022-11-21,11024.51,12063.95,12425.87,11702.03,12139.47,10832.12
2022-11-22,11174.41,12055.1,12416.75,11693.44,12125.27,10840.74
2022-11-23,11285.32,12047.44,12408.86,11686.01,12110.72,10846.58
2022-11-25,11226.36,12039.27,12400.44,11678.09,12094.4,10858.8
2022-11-28,11049.5,12029.42,12390.3,11668.54,12078.72,10870.65
2022-11-29,10983.78,12019.01,12379.58,11658.44,12064.68,10874.86
2022-11-30,11468.0,12013.53,12373.94,11653.12,12053.07,10882.15
2022-12-01,11482.45,12008.25,12368.49,11648.0,12039.78,10890.49
2022-12-02,11461.5,12002.81,12362.89,11642.72,12026.47,10900.2
2022-12-05,11239.94,11995.22,12355.07,11635.36,12014.08,10914.89
2022-12-06,11014.89,11985.46,12345.02,11625.9,12001.42,10926.71
2022-12-07,10958.55,11975.24,12334.5,11615.99,11989.3,10940.02
2022-12-08,11082.0,11966.35,12325.35,11607.36,11979.53,10956.64
2022-12-09,11004.62,11956.79,12315.49,11598.08,11967.18,10965.53
2022-12-12,11143.74,11948.7,12307.16,11590.23,11954.43,10986.08
2022-12-13,11256.81,11941.81,12300.07,11583.56,11941.95,11000.61
2022-12-14,11170.89,11934.14,12292.16,11576.12,11930.15,11010.57
2022-12-15,10810.53,11922.96,12280.65,11565.27,11915.44,11013.82
2022-12-16,10705.41,11910.84,12268.17,11553.52,11901.28,11016.09
2022-12-19,10546.03,11897.26,12254.18,11540.35,11887.44,11008.24
2022-12-20,10547.11,11883.83,12240.35,11527.32,11876.02,10998.11
2022-12-21,10709.37,11872.14,12228.31,11515.98,11865.59,10985.86
2022-12-22,10476.12,11858.25,12214.0,11502.51,11851.69,10973.49
2022-12-23,10497.86,11844.72,12200.06,11489.38,11838.53,10966.12
2022-12-27,10353.23,11829.88,12184.77,11474.98,11826.08,10947.39
2022-12-28,10213.29,11813.79,12168.2,11459.38,11814.24,10928.02
2022-12-29,10478.09,11800.5,12154.52,11446.49,11801.89,10917.7
2022-12-30,10466.48,11787.23,12140.84,11433.61,11787.04,10916.24
2023-01-03,10386.98,11773.29,12126.49,11420.1,11770.9,10917.34
2023-01-04,10458.76,11760.21,12113.02,11407.41,11753.72,10916.93
2023-01-05,10305.24,11745.74,12098.11,11393.36,11736.05,10910.45
2023-01-06,10569.29,11734.03,12086.05,11382.01,11718.36,10909.28
2023-01-09,10635.65,11723.1,12074.79,11371.41,11701.92,10916.34
2023-01-10,10742.63,11713.35,12064.75,11361.95,11684.68,10907.05
2023-01-11,10931.67,11705.57,12056.73,11354.4,11668.49,10897.26
2023-01-12,11001.1,11698.56,12049.51,11347.6,11651.72,10892.38
2023-01-13,11079.16,11692.39,12043.17,11341.62,11634.02,10885.4
2023-01-17,11095.11,11686.45,12037.05,11335.86,11617.28,10883.19
2023-01-18,10957.01,11679.19,12029.57,11328.82,11600.96,10878.49
2023-01-19,10852.27,11670.97,12021.09,11320.84,11583.92,10871.14
2023-01-20,11140.43,11665.69,12015.66,11315.72,11566.96,10874.04
2023-01-23,11364.41,11662.69,12012.57,11312.81,11552.76,10878.79
2023-01-24,11334.27,11659.42,12009.2,11309.64,11539.98,10880.01
2023-01-25,11313.36,11655.98,12005.66,11306.3,11527.07,10882.19
2023-01-26,11512.41,11654.55,12004.19,11304.91,11516.07,10893.76
2023-01-27,11621.71,11654.22,12003.85,11304.6,11507.12,10909.71
2023-01-30,11393.81,11651.63,12001.18,11302.08,11497.23,10907.85
2023-01-31,11584.55,11650.96,12000.49,11301.43,11486.94,10910.41
2023-02-01,11816.32,11652.61,12002.19,11303.03,11479.26,10919.28
2023-02-02,12200.82,11658.06,12007.81,11308.32,11473.61,10943.3
2023-02-03,12006.95,11661.54,12011.38,11311.69,11465.54,10968.1
2023-02-06,11887.45,11663.78,12013.7,11313.87,11457.71,10991.32
2023-02-07,12113.79,11668.26,12018.31,11318.21,11452.41,11017.12
2023-02-08,11910.52,11670.67,12020.79,11320.55,11447.77,11039.77
2023-02-09,11789.58,11671.85,12022.01,11321.7,11441.69,11055.91
2023-02-10,11718.12,11672.31,12022.48,11322.15,11437.83,11067.44
2023-02-13,11891.79,11674.5,12024.73,11324.26,11434.84,11085.47
2023-02-14,11960.15,11677.34,12027.66,11327.02,11430.28,11114.21
2023-02-15,12070.59,11681.25,12031.69,11330.82,11428.96,11148.34
2023-02-16,11855.83,11682.99,12033.48,11332.5,11425.56,11181.08
2023-02-17,11787.27,11684.03,12034.55,11333.51,11421.68,11212.09
2023-02-21,11492.3,11682.12,12032.58,11331.66,11414.32,11231.66
2023-02-22,11507.07,11680.38,12030.79,11329.97,11410.26,11257.43
2023-02-23,11590.4,11679.48,12029.87,11329.1,11407.49,11284.75
2023-02-24,11394.94,11676.65,12026.95,11326.35,11406.35,11310.79
2023-02-27,11466.98,11674.57,12024.8,11324.33,11405.0,11342.13
2023-02-28,11455.54,11672.39,12022.56,11322.22,11405.45,11366.57
2023-03-01,11379.48,11669.47,12019.56,11319.39,11405.5,11389.39
2023-03-02,11462.98,11667.42,12017.44,11317.4,11403.79,11416.29
2023-03-03,11689.01,11667.63,12017.66,11317.6,11403.92,11447.05
2023-03-06,11675.74,11667.71,12017.74,11317.68,11402.37,11481.31
2023-03-07,11530.33,11666.35,12016.34,11316.36,11402.93,11505.34
2023-03-08,11576.0,11665.45,12015.41,11315.48,11403.87,11528.85
2023-03-09,11338.35,11662.19,12012.06,11312.33,11403.79,11543.74
2023-03-10,11138.89,11656.99,12006.7,11307.28,11401.81,11548.92
2023-03-13,11188.84,11652.33,12001.9,11302.76,11401.43,11553.61
2023-03-14,11428.15,11650.1,11999.6,11300.59,11401.4,11562.34
2023-03-15,11434.05,11647.95,11997.39,11298.51,11399.87,11570.81
2023-03-16,11717.28,11648.64,11998.1,11299.18,11397.8,11589.82
2023-03-17,11630.51,11648.46,11997.91,11299.0,11395.54,11609.27
2023-03-20,11675.54,11648.73,11998.19,11299.26,11393.95,11622.65
2023-03-21,11860.11,11650.83,12000.35,11301.3,11391.66,11635.04
2023-03-22,11669.96,11651.02,12000.55,11301.49,11389.95,11643.44
2023-03-23,11787.4,11652.38,12001.95,11302.81,11388.58,11655.29
2023-03-24,11823.96,11654.08,12003.71,11304.46,11386.82,11663.08
2023-03-27,11768.84,11655.23,12004.88,11305.57,11385.24,11666.75
2023-03-28,11716.08,11655.83,12005.51,11306.16,11385.05,11674.81
2023-03-29,11926.24,11658.52,12008.28,11308.77,11387.98,11683.35
2023-03-30,12013.47,11662.05,12011.92,11312.19,11394.0,11688.28
2023-03-31,12221.91,11667.62,12017.65,11317.6,11400.97,11688.81
2023-04-03,12189.45,11672.82,12023.0,11322.63,11406.42,11693.37
2023-04-04,12126.33,11677.33,12027.65,11327.01,11413.82,11699.34
2023-04-05,11996.86,11680.51,12030.92,11330.09,11419.81,11696.42
2023-04-06,12087.96,11684.56,12035.1,11334.03,11424.9,11700.86
2023-04-10,12084.36,11688.54,12039.2,11337.88,11430.06,11708.23
2023-04-11,12031.88,11691.96,12042.72,11341.2,11434.06,11716.07
2023-04-12,11929.34,11694.32,12045.15,11343.49,11435.67,11717.01
2023-04-13,12166.27,11699.02,12049.99,11348.05,11438.88,11722.16
2023-04-14,12123.47,11703.24,12054.34,11352.14,11443.59,11723.48
2023-04-17,12157.72,11707.76,12058.99,11356.53,11448.48,11731.03
2023-04-18,12153.41,11712.2,12063.56,11360.83,11454.11,11740.19
2023-04-19,12157.23,11716.62,12068.12,11365.12,11459.25,11756.81
2023-04-20,12059.56,11720.04,12071.64,11368.43,11462.94,11770.62
2023-04-21,12072.46,11723.54,12075.25,11371.84,11466.49,11782.67
2023-04-24,12037.2,11726.66,12078.46,11374.86,11468.57,11798.73
2023-04-25,11799.16,11727.39,12079.21,11375.56,11469.39,11807.03
2023-04-26,11854.35,11728.65,12080.51,11376.79,11471.8,11817.0
2023-04-27,12142.24,11732.76,12084.75,11380.78,11476.19,11836.07
2023-04-28,12226.58,11737.68,12089.81,11385.55,11481.08,11855.16
2023-05-01,12212.6,11742.4,12094.67,11390.13,11485.89,11868.25
2023-05-02,12080.51,11745.77,12098.14,11393.39,11489.03,11878.37
2023-05-03,12025.33,11748.55,12101.01,11396.09,11492.36,11890.75
2023-05-04,11966.4,11750.72,12103.24,11398.2,11493.62,11900.51
2023-05-05,12235.41,11755.54,12108.21,11402.87,11495.31,11922.93
2023-05-08,12256.92,11760.53,12113.34,11407.71,11496.3,11950.88
2023-05-09,12179.55,11764.7,12117.64,11411.76,11498.03,11975.65
2023-05-10,12306.44,11770.09,12123.19,11416.99,11500.65,11997.61
2023-05-11,12328.51,11775.64,12128.91,11422.38,11504.48,12019.97
2023-05-12,12284.74,11780.71,12134.13,11427.29,11505.74,12034.16
2023-05-15,12365.21,11786.53,12140.12,11432.93,11506.75,12052.52
2023-05-16,12343.05,11792.06,12145.83,11438.3,11506.51,12069.21
2023-05-17,12500.57,11799.11,12153.09,11445.14,11507.17,12085.22
2023-05-18,12688.84,11807.97,12162.21,11453.73,11508.87,12110.7
2023-05-19,12657.9,11816.42,12170.92,11461.93,11508.82,12132.46
2023-05-22,12720.78,11825.42,12180.18,11470.66,11508.82,12154.88
2023-05-23,12560.25,11832.73,12187.72,11477.75,11508.33,12174.66
2023-05-24,12484.16,11839.22,12194.39,11484.04,11507.53,12193.87
2023-05-25,12698.09,11847.76,12203.19,11492.33,11508.55,12213.16
2023-05-26,12975.69,11858.98,12214.75,11503.22,11509.16,12237.22
2023-05-30,13017.43,11870.51,12226.63,11514.4,11510.34,12257.11
2023-05-31,12935.29,11881.11,12237.54,11524.67,11509.79,12275.75
2023-06-01,13100.98,11893.24,12250.04,11536.45,11509.65,12300.12
2023-06-02,13240.77,11906.65,12263.85,11549.45,11510.34,12331.22
2023-06-05,13229.43,11919.81,12277.41,11562.22,11511.8,12359.75
2023-06-06,13276.42,11933.31,12291.31,11575.31,11513.35,12389.55
2023-06-07,13104.9,11944.97,12303.32,11586.62,11515.35,12416.38
2023-06-08,13238.52,11957.84,12316.58,11599.11,11519.64,12449.11
2023-06-09,13259.14,11970.79,12329.91,11611.67,11524.03,12476.43
2023-06-12,13461.92,11985.63,12345.2,11626.06,11529.18,12509.89
2023-06-13,13573.32,12001.43,12361.47,11641.38,11533.85,12545.28
2023-06-14,13626.48,12017.59,12378.12,11657.07,11541.27,12582.11
2023-06-15,13782.82,12035.16,12396.21,11674.1,11550.1,12622.75
2023-06-16,13689.57,12051.62,12413.17,11690.07,11559.13,12663.5
2023-06-20,13667.29,12067.7,12429.73,11705.67,11568.38,12703.37
2023-06-21,13502.2,12081.97,12444.43,11719.51,11576.97,12739.99
2023-06-22,13630.61,12097.38,12460.3,11734.46,11586.97,12785.78
2023-06-23,13492.52,12111.26,12474.6,11747.92,11596.71,12826.73
2023-06-26,13335.78,12123.45,12487.15,11759.74,11604.43,12856.57
2023-06-27,13555.67,12137.7,12501.83,11773.57,11612.89,12889.8
2023-06-28,13591.75,12152.17,12516.73,11787.6,11620.29,12924.28
2023-06-29,13591.33,12166.49,12531.48,11801.49,11626.92,12962.05
2023-06-30,13787.92,12182.62,12548.1,11817.14,11637.69,13006.11
2023-07-03,13816.77,12198.88,12564.85,11832.91,11648.17,13052.37
2023-07-05,13791.65,12214.73,12581.17,11848.29,11659.37,13091.28
2023-07-06,13679.04,12229.3,12596.18,11862.42,11670.52,13126.83
2023-07-07,13660.72,12243.54,12610.85,11876.24,11681.15,13163.86
2023-07-10,13685.48,12257.89,12625.63,11890.15,11692.45,13198.34
2023-07-11,13760.7,12272.84,12641.03,11904.66,11705.16,13234.14
2023-07-12,13918.96,12289.22,12657.9,11920.55,11719.42,13275.0
2023-07-13,14138.57,12307.62,12676.85,11938.39,11735.77,13319.33
2023-07-14,14113.7,12325.59,12695.36,11955.83,11752.32,13363.6
2023-07-17,14244.95,12344.69,12715.03,11974.35,11769.4,13407.21
2023-07-18,14353.64,12364.68,12735.62,11993.74,11785.91,13448.83
2023-07-19,14358.02,12384.52,12756.05,12012.98,11804.01,13491.33
2023-07-20,14063.31,12401.22,12773.26,12029.18,11821.45,13524.89
2023-07-21,14032.81,12417.46,12789.98,12044.93,11837.54,13561.71
2023-07-24,14058.87,12433.79,12806.8,12060.77,11851.95,13601.08
2023-07-25,14144.56,12450.81,12824.33,12077.29,11866.93,13637.24
2023-07-26,14127.28,12467.49,12841.52,12093.47,11882.2,13666.03
2023-07-27,14050.11,12483.24,12857.74,12108.74,11899.19,13691.84
2023-07-28,14316.66,12501.48,12876.53,12126.44,11918.06,13726.38
2023-07-31,14346.02,12519.84,12895.43,12144.24,11937.66,13757.5
2023-08-01,14283.91,12537.39,12913.51,12161.27,11957.0,13783.58
2023-08-02,13973.45,12551.68,12928.23,12175.13,11973.62,13802.18
2023-08-03,13959.72,12565.69,12942.66,12188.72,11991.81,13819.27
2023-08-04,13909.24,12579.06,12956.43,12201.69,12007.98,13839.37
2023-08-07,13994.4,12593.14,12970.93,12215.35,12024.09,13858.27
2023-08-08,13884.32,12605.99,12984.17,12227.81,12040.1,13873.9
2023-08-09,13722.02,12617.09,12995.6,12238.58,12055.64,13880.4
2023-08-10,13737.99,12628.25,13007.09,12249.4,12070.03,13884.52
2023-08-11,13644.85,12638.36,13017.51,12259.21,12083.49,13884.98
2023-08-14,13788.33,12649.8,13029.3,12270.31,12096.44,13885.12
2023-08-15,13631.05,12659.57,13039.35,12279.78,12109.74,13883.65
2023-08-16,13474.63,12667.68,13047.71,12287.65,12123.15,13878.84
2023-08-17,13316.93,12674.14,13054.36,12293.91,12134.22,13874.21
2023-08-18,13290.78,12680.27,13060.68,12299.86,12145.73,13865.71
2023-08-21,13497.59,12688.41,13069.06,12307.75,12158.77,13865.84
2023-08-22,13505.87,12696.54,13077.44,12315.64,12173.67,13870.09
2023-08-23,13721.03,12706.73,13087.94,12325.53,12190.56,13874.22
2023-08-24,13463.97,12714.27,13095.7,12332.84,12205.51,13871.03
2023-08-25,13590.65,12722.99,13104.68,12341.3,12220.64,13871.01
2023-08-28,13705.13,12732.76,13114.74,12350.78,12236.08,13868.94
2023-08-29,13943.76,12744.81,13127.15,12362.47,12254.04,13872.12
2023-08-30,14019.31,12757.49,13140.22,12374.77,12268.56,13877.81
2023-08-31,14034.97,12770.2,13153.31,12387.1,12282.12,13886.71
2023-09-01,14031.81,12782.76,13166.24,12399.27,12296.3,13895.98
2023-09-05,14020.95,12795.08,13178.93,12411.22,12309.61,13904.37
2023-09-06,13872.47,12805.8,13189.97,12421.62,12323.05,13907.16
2023-09-07,13748.83,12815.18,13199.64,12430.73,12336.07,13902.91
2023-09-08,13761.53,12824.6,13209.34,12439.86,12349.15,13893.49
2023-09-11,13917.89,12835.48,13220.54,12450.41,12363.62,13888.59
2023-09-12,13773.61,12844.81,13230.15,12459.47,12376.61,13876.81
2023-09-13,13813.59,12854.45,13240.08,12468.82,12389.26,13863.31
2023-09-14,13926.05,12865.11,13251.07,12479.16,12402.75,13852.51
2023-09-15,13708.33,12873.5,13259.71,12487.3,12416.05,13843.63
2023-09-18,13710.24,12881.83,13268.28,12495.37,12429.68,13835.57
2023-09-19,13678.19,12889.75,13276.45,12503.06,12440.73,13826.05
2023-09-20,13469.13,12895.52,13282.38,12508.65,12450.66,13809.16
2023-09-21,13223.98,12898.79,13285.75,12511.82,12459.48,13786.58
2023-09-22,13211.81,12901.9,13288.96,12514.84,12469.34,13765.62
2023-09-25,13271.32,12905.58,13292.74,12518.41,12480.62,13739.49
2023-09-26,13063.61,12907.15,13294.36,12519.93,12491.14,13707.43
2023-09-27,13092.85,12909.0,13296.27,12521.73,12501.2,13677.65
2023-09-28,13201.28,12911.9,13299.26,12524.55,12512.18,13658.35
2023-09-29,13219.32,12914.96,13302.41,12527.51,12522.56,13639.84
2023-10-02,13307.77,12918.87,13306.44,12531.31,12532.81,13624.8
2023-10-03,13059.47,12920.27,13307.88,12532.66,12542.26,13601.43
2023-10-04,13236.01,12923.41,13311.12,12535.71,12554.38,13585.22
2023-10-05,13219.83,12926.36,13314.15,12538.57,12566.96,13572.67
2023-10-06,13431.34,12931.39,13319.33,12543.45,12581.38,13565.0
2023-10-09,13484.24,12936.89,13324.99,12548.78,12596.07,13560.99
2023-10-10,13562.84,12943.12,13331.41,12554.82,12610.34,13555.35
2023-10-11,13659.68,12950.25,13338.75,12561.74,12626.25,13556.06
2023-10-12,13574.22,12956.46,13345.15,12567.76,12641.64,13558.55
2023-10-13,13407.23,12960.94,13349.77,12572.11,12656.91,13560.81
2023-10-16,13567.98,12966.98,13355.99,12577.97,12673.68,13567.74
2023-10-17,13533.75,12972.62,13361.8,12583.44,12688.96,13568.65
2023-10-18,13314.3,12976.02,13365.3,12586.74,12703.2,13563.86
2023-10-19,13186.18,12978.11,13367.45,12588.77,12717.19,13550.49
2023-10-20,12983.81,12978.17,13367.51,12588.82,12729.82,13538.48
2023-10-23,13018.33,12978.57,13367.92,12589.21,12743.38,13524.17
2023-10-24,13139.87,12980.17,13369.58,12590.77,12756.24,13510.04
2023-10-25,12821.22,12978.59,13367.95,12589.23,12767.16,13481.98
2023-10-26,12595.61,12974.78,13364.02,12585.54,12776.43,13446.39
2023-10-27,12643.01,12971.48,13360.62,12582.33,12784.99,13411.59
2023-10-30,12789.48,12969.67,13358.76,12580.58,12793.93,13380.53
2023-10-31,12851.24,12968.49,13357.54,12579.43,12802.79,13351.29
2023-11-01,13061.47,12969.41,13358.5,12580.33,12812.62,13331.01
2023-11-02,13294.19,12972.65,13361.83,12583.47,12824.31,13319.65
2023-11-03,13478.28,12977.68,13367.01,12588.35,12837.44,13312.56
2023-11-06,13518.78,12983.06,13372.55,12593.57,12849.33,13302.59
2023-11-07,13639.86,12989.6,13379.28,12599.91,12860.7,13299.24
2023-11-08,13650.41,12996.17,13386.06,12606.29,12872.29,13295.16
2023-11-09,13521.45,13001.4,13391.44,12611.36,12883.33,13285.05
2023-11-10,13798.11,13009.33,13399.61,12619.05,12894.75,13287.29
2023-11-13,13767.74,13016.87,13407.38,12626.37,12905.48,13288.73
2023-11-14,14094.38,13027.59,13418.42,12636.77,12918.99,13299.13
2023-11-15,14103.84,13038.3,13429.45,12647.15,12931.58,13315.0
2023-11-16,14113.67,13049.0,13440.47,12657.53,12943.07,13337.24
2023-11-17,14125.48,13059.71,13451.51,12667.92,12952.69,13360.09
2023-11-20,14284.53,13071.9,13464.06,12679.74,12964.08,13385.42
2023-11-21,14199.98,13083.13,13475.62,12690.63,12975.64,13413.83
2023-11-22,14265.86,13094.89,13487.74,12702.05,12986.4,13443.15
2023-11-24,14250.85,13106.4,13499.59,12713.2,12998.11,13469.39
2023-11-27,14241.02,13117.69,13511.22,12724.16,13010.36,13494.93
2023-11-28,14281.76,13129.27,13523.15,12735.39,13023.18,13519.28
2023-11-29,14258.49,13140.51,13534.72,12746.29,13035.02,13549.26
2023-11-30,14226.22,13151.31,13545.85,12756.77,13046.35,13574.01
2023-12-01,14305.03,13162.79,13557.67,12767.9,13057.52,13601.14
2023-12-04,14185.49,13172.96,13568.15,12777.78,13069.17,13620.0
2023-12-05,14229.91,13183.48,13578.99,12787.98,13081.38,13638.64
2023-12-06,14146.71,13193.07,13588.86,12797.27,13094.65,13653.24
2023-12-07,14339.99,13204.48,13600.61,12808.34,13108.82,13670.24
2023-12-08,14403.97,13216.41,13612.91,12819.92,13122.88,13690.99
2023-12-11,14432.49,13228.51,13625.37,12831.66,13138.07,13716.62
2023-12-12,14533.4,13241.5,13638.74,12844.25,13153.4,13740.75
2023-12-13,14733.96,13256.35,13654.04,12858.66,13169.8,13770.76
2023-12-14,14761.56,13271.33,13669.46,12873.19,13186.71,13806.94
2023-12-15,14813.92,13286.67,13685.27,12888.07,13203.46,13847.63
2023-12-18,14904.81,13302.78,13701.86,12903.69,13219.54,13895.66
2023-12-19,15003.22,13319.69,13719.29,12920.1,13236.18,13945.28
2023-12-20,14777.94,13334.2,13734.23,12934.18,13252.42,13986.23
2023-12-21,14963.87,13350.42,13750.93,12949.91,13269.35,14039.8
2023-12-22,14992.97,13366.76,13767.77,12965.76,13287.63,14099.73
2023-12-26,15074.57,13383.76,13785.27,12982.24,13307.31,14160.52
2023-12-27,15099.18,13400.83,13802.85,12998.8,13326.86,14218.27
2023-12-28,15095.14,13417.69,13820.22,13015.15,13345.19,14274.36
2023-12-29,15011.35,13433.54,13836.55,13030.54,13363.08,14323.11
2024-01-02,14765.94,13446.8,13850.2,13043.4,13378.32,14359.9
2024-01-03,14592.21,13458.2,13861.94,13054.45,13393.13,14387.75
2024-01-04,14510.3,13468.67,13872.73,13064.61,13407.31,14412.54
2024-01-05,14524.07,13479.17,13883.54,13074.79,13420.62,14434.64
2024-01-08,14843.77,13492.75,13897.53,13087.96,13436.49,14464.48
2024-01-09,14857.71,13506.33,13911.52,13101.14,13451.85,14497.89
2024-01-10,14969.65,13520.89,13926.51,13115.26,13467.57,14527.17
2024-01-11,14970.19,13535.31,13941.37,13129.25,13483.58,14557.24
2024-01-12,14972.76,13549.61,13956.1,13143.12,13499.86,14579.19
2024-01-16,14944.35,13563.49,13970.39,13156.58,13514.95,14600.21
2024-01-17,14855.62,13576.35,13983.64,13169.06,13529.17,14618.76
2024-01-18,15055.65,13591.07,13998.8,13183.33,13543.33,14642.01
2024-01-19,15310.97,13608.18,14016.42,13199.93,13558.94,14667.67
2024-01-22,15360.29,13625.61,14034.38,13216.85,13575.11,14696.68
2024-01-23,15425.94,13643.53,14052.83,13234.22,13592.26,14725.68
2024-01-24,15481.92,13661.82,14071.67,13251.97,13609.23,14756.46
2024-01-25,15510.5,13680.21,14090.62,13269.81,13626.36,14788.19
2024-01-26,15455.36,13697.88,14108.81,13286.94,13643.47,14817.53
2024-01-29,15628.04,13717.08,14128.6,13305.57,13661.97,14851.77
2024-01-30,15509.9,13734.92,14146.97,13322.87,13678.69,14883.87
2024-01-31,15164.01,13749.14,14161.62,13336.67,13693.89,14905.34
2024-02-01,15361.64,13765.19,14178.14,13352.23,13709.91,14934.74
2024-02-02,15628.95,13783.73,14197.24,13370.22,13727.29,14969.72
2024-02-05,15597.68,13801.78,14215.83,13387.73,13744.49,15005.99
2024-02-06,15609.0,13819.76,14234.36,13405.17,13762.24,15037.72
2024-02-07,15756.64,13839.04,14254.21,13423.86,13780.66,15071.54
2024-02-08,15793.71,13858.49,14274.24,13442.73,13799.44,15105.57
2024-02-09,15990.66,13879.7,14296.09,13463.31,13820.4,15142.0
2024-02-12,15942.55,13900.23,14317.23,13483.22,13840.84,15172.21
2024-02-13,15655.6,13917.69,14335.22,13500.16,13858.4,15194.56
2024-02-14,15859.15,13937.01,14355.12,13518.9,13876.57,15220.69
2024-02-15,15906.17,13956.6,14375.3,13537.91,13895.04,15245.73
2024-02-16,15775.65,13974.7,14393.95,13555.46,13913.51,15265.04
2024-02-20,15630.78,13991.18,14410.92,13571.45,13931.54,15286.36
2024-02-21,15580.87,14007.0,14427.21,13586.79,13949.61,15301.79
2024-02-22,16041.62,14027.25,14448.06,13606.43,13968.64,15328.0
2024-02-23,15996.82,14046.84,14468.25,13625.44,13987.34,15351.06
2024-02-26,15976.25,14066.04,14488.02,13644.06,14006.32,15372.98
2024-02-27,16035.3,14085.64,14508.21,13663.07,14024.97,15396.49
2024-02-28,15947.74,14104.16,14527.29,13681.04,14043.07,15419.9
2024-02-29,16091.92,14123.94,14547.66,13700.22,14062.1,15453.05
2024-03-01,16274.94,14145.35,14569.71,13720.99,14081.65,15495.12
2024-03-04,16207.51,14165.87,14590.84,13740.89,14100.97,15537.55
2024-03-05,15939.59,14183.51,14609.02,13758.01,14118.17,15572.93
2024-03-06,16031.54,14201.9,14627.96,13775.85,14134.88,15602.63
2024-03-07,16273.38,14222.51,14649.19,13795.84,14152.96,15638.02
2024-03-08,16085.11,14241.05,14668.28,13813.82,14169.78,15665.91
2024-03-11,16019.27,14258.74,14686.5,13830.98,14187.07,15692.13
2024-03-12,16265.64,14278.71,14707.07,13850.35,14205.98,15724.46
2024-03-13,16177.77,14297.61,14726.53,13868.68,14223.38,15755.29
2024-03-14,16128.53,14315.82,14745.3,13886.35,14239.14,15787.11
2024-03-15,15973.17,14332.32,14762.29,13902.35,14253.92,15810.05
2024-03-18,16103.45,14349.94,14780.44,13919.44,14269.76,15829.86
2024-03-19,16166.79,14368.02,14799.06,13936.98,14285.09,15850.03
2024-03-20,16369.41,14387.93,14819.57,13956.29,14300.74,15873.61
2024-03-21,16401.84,14407.97,14840.21,13975.73,14316.6,15896.61
2024-03-22,16428.82,14428.08,14860.92,13995.24,14332.36,15919.57
2024-03-25,16384.47,14447.54,14880.97,14014.12,14348.76,15942.8
2024-03-26,16315.7,14466.13,14900.12,14032.15,14364.14,15959.99
2024-03-27,16399.52,14485.37,14919.93,14050.81,14379.85,15982.23
2024-03-28,16379.46,14504.22,14939.34,14069.09,14394.43,16012.62
2024-04-01,16396.83,14523.05,14958.74,14087.36,14408.55,16038.5
2024-04-02,16240.45,14540.14,14976.34,14103.93,14421.62,16053.78
2024-04-03,16277.46,14557.43,14994.15,14120.7,14434.09,16070.78
2024-04-04,16049.08,14572.27,15009.44,14135.1,14445.89,16081.78
2024-04-05,16248.52,14588.95,15026.61,14151.28,14458.8,16094.08
2024-04-08,16253.96,14605.51,15043.68,14167.35,14472.56,16105.58
2024-04-09,16306.64,14622.44,15061.11,14183.77,14485.94,16113.48
2024-04-10,16170.36,14637.84,15076.98,14198.71,14499.33,16119.18
2024-04-11,16442.2,14655.8,15095.47,14216.12,14514.86,16138.84
2024-04-12,16175.09,14670.91,15111.04,14230.79,14527.96,16146.74
2024-04-15,15885.02,14682.99,15123.48,14242.5,14539.42,16146.21
2024-04-16,15865.25,14694.76,15135.6,14253.92,14550.79,16148.45
2024-04-17,15683.37,14704.6,15145.73,14263.46,14560.27,16149.77
2024-04-18,15601.5,14713.52,15154.93,14272.11,14569.19,16150.28
2024-04-19,15282.01,14719.18,15160.75,14277.6,14576.64,16131.29
2024-04-22,15451.31,14726.46,15168.25,14284.67,14585.51,16117.65
2024-04-23,15696.64,14736.11,15178.2,14294.03,14595.69,16110.66
2024-04-24,15712.75,14745.83,15188.21,14303.46,14605.82,16102.6
2024-04-25,15611.76,14754.45,15197.08,14311.82,14615.08,16094.2
2024-04-26,15927.9,14766.12,15209.11,14323.14,14625.12,16090.1
2024-04-29,15983.08,14778.23,15221.58,14334.89,14634.34,16082.8
2024-04-30,15657.82,14786.99,15230.6,14343.38,14642.06,16069.06
2024-05-01,15605.48,14795.13,15238.98,14351.28,14648.87,16060.71
2024-05-02,15840.96,14805.54,15249.7,14361.37,14656.3,16055.94
2024-05-03,16156.33,14818.98,15263.55,14374.41,14665.3,16053.02
2024-05-06,16349.25,14834.2,15279.23,14389.18,14676.73,16059.62
2024-05-07,16332.56,14849.11,15294.59,14403.64,14688.22,16067.45
2024-05-08,16302.76,14863.58,15309.48,14417.67,14699.44,16068.38
2024-05-09,16346.26,14878.33,15324.68,14431.98,14710.45,16072.59
2024-05-10,16340.87,14892.88,15339.67,14446.1,14721.52,16077.9
2024-05-13,16388.24,14907.76,15354.99,14460.53,14733.21,16088.28
2024-05-14,16511.18,14923.72,15371.43,14476.0,14744.18,16098.47
2024-05-15,16742.39,14941.81,15390.07,14493.56,14756.16,16112.86
2024-05-16,16698.32,14959.29,15408.07,14510.51,14768.24,16121.09
2024-05-17,16685.97,14976.47,15425.77,14527.18,14781.8,16128.19
2024-05-20,16794.87,14994.56,15444.4,14544.73,14795.98,16137.34
2024-05-21,16832.62,15012.85,15463.24,14562.47,14810.59,16148.54
2024-05-22,16801.54,15030.65,15481.57,14579.73,14824.63,16160.69
2024-05-23,16736.03,15047.62,15499.05,14596.19,14838.89,16169.1
2024-05-24,16920.79,15066.26,15518.25,14614.27,14854.88,16182.64
2024-05-28,17019.88,15085.7,15538.27,14633.13,14871.29,16198.21
2024-05-29,16920.58,15103.96,15557.07,14650.84,14887.67,16215.21
2024-05-30,16737.08,15120.21,15573.81,14666.6,14902.41,16226.71
2024-05-31,16735.02,15136.27,15590.36,14682.18,14917.93,16243.85
2024-06-03,16828.67,15153.11,15607.71,14698.52,14934.7,16258.36
2024-06-04,16857.05,15170.07,15625.17,14714.97,14952.4,16273.43
2024-06-05,17187.9,15190.15,15645.85,14734.44,14971.89,16295.47
2024-06-06,17173.12,15209.88,15666.17,14753.58,14990.27,16320.54
2024-06-07,17133.13,15229.01,15685.88,14772.14,15008.4,16337.81
2024-06-10,17192.53,15248.55,15706.01,14791.09,15025.76,16363.24
2024-06-11,17343.55,15269.4,15727.48,14811.31,15045.16,16399.71
2024-06-12,17608.44,15292.67,15751.45,14833.89,15065.25,16443.29
2024-06-13,17667.56,15316.3,15775.79,14856.81,15085.06,16492.89
2024-06-14,17688.88,15339.91,15800.11,14879.71,15103.78,16545.08
2024-06-17,17857.02,15364.96,15825.9,14904.01,15122.97,16609.45
2024-06-18,17862.23,15389.8,15851.5,14928.11,15142.11,16669.73
2024-06-20,17721.59,15413.01,15875.4,14950.62,15160.56,16720.35
2024-06-21,17689.36,15435.66,15898.73,14972.59,15178.9,16769.76
2024-06-24,17496.82,15456.16,15919.85,14992.48,15197.02,16816.89
2024-06-25,17717.65,15478.67,15943.03,15014.31,15216.87,16861.63
2024-06-26,17805.16,15501.82,15966.87,15036.76,15237.08,16907.19
2024-06-27,17858.68,15525.27,15991.03,15059.51,15256.79,16962.21
2024-06-28,17732.6,15547.23,16013.65,15080.81,15276.58,17015.39
2024-07-01,17879.3,15570.44,16037.55,15103.32,15296.91,17066.34
2024-07-02,18028.76,15594.9,16062.74,15127.05,15317.43,17113.16
2024-07-03,18188.3,15620.7,16089.32,15152.08,15339.83,17159.13
2024-07-05,18352.76,15647.89,16117.32,15178.45,15363.04,17209.64
2024-07-08,18403.74,15675.31,16145.57,15205.05,15386.67,17262.16
2024-07-09,18429.29,15702.71,16173.79,15231.63,15411.47,17314.24
2024-07-10,18647.45,15732.01,16203.97,15260.05,15438.58,17371.9
2024-07-11,18283.41,15757.4,16230.12,15284.68,15463.94,17419.28
2024-07-12,18398.45,15783.68,16257.19,15310.17,15489.58,17466.46
2024-07-15,18472.57,15810.43,16284.75,15336.12,15516.62,17509.72
2024-07-16,18509.34,15837.29,16312.41,15362.17,15543.7,17554.99
2024-07-17,17996.92,15858.78,16334.54,15383.01,15567.68,17587.77
2024-07-18,17871.22,15878.8,16355.16,15402.44,15590.94,17614.67
2024-07-19,17726.94,15897.19,16374.11,15420.27,15613.04,17637.03
2024-07-22,18007.57,15918.19,16395.73,15440.64,15637.78,17667.18
2024-07-23,17997.35,15938.88,16417.04,15460.71,15661.59,17698.72
2024-07-24,17342.41,15952.84,16431.43,15474.26,15682.2,17709.26
2024-07-25,17181.72,15965.07,16444.02,15486.12,15700.95,17713.3
2024-07-26,17357.88,15978.93,16458.3,15499.56,15720.32,17724.24
2024-07-29,17370.2,15992.77,16472.56,15512.99,15739.36,17740.06
2024-07-30,17147.42,16004.26,16484.39,15524.13,15756.79,17750.37
2024-07-31,17599.4,16020.13,16500.74,15539.53,15776.92,17769.64
2024-08-01,17194.15,16031.82,16512.77,15550.86,15795.85,17778.07
2024-08-02,16776.16,16039.22,16520.4,15558.05,15811.9,17767.78
2024-08-05,16200.08,16040.82,16522.05,15559.6,15825.23,17743.45
2024-08-06,16366.85,16044.07,16525.39,15562.74,15840.49,17724.29
2024-08-07,16195.81,16045.58,16526.94,15564.21,15855.54,17699.37
2024-08-08,16660.02,16051.69,16533.24,15570.14,15873.92,17682.29
2024-08-09,16745.3,16058.59,16540.35,15576.83,15892.55,17660.71
2024-08-12,16780.61,16065.78,16547.75,15583.8,15910.76,17638.53
2024-08-13,17187.61,16076.94,16559.25,15594.63,15932.59,17626.0
2024-08-14,17192.6,16088.04,16570.68,15605.4,15955.57,17609.39
2024-08-15,17594.5,16103.03,16586.12,15619.94,15980.33,17602.7
2024-08-16,17631.72,16118.24,16601.79,15634.69,16004.54,17600.45
2024-08-19,17876.77,16135.74,16619.81,15651.67,16029.67,17605.14
2024-08-20,17816.94,16152.47,16637.04,15667.89,16053.45,17613.14
2024-08-21,17918.99,16170.04,16655.15,15684.94,16076.57,17618.17
2024-08-22,17619.35,16184.46,16670.0,15698.93,16097.28,17613.53
2024-08-23,17877.79,16201.31,16687.35,15715.27,16119.07,17614.01
2024-08-26,17725.77,16216.48,16702.98,15729.99,16139.5,17613.84
2024-08-27,17754.82,16231.79,16718.74,15744.84,16160.02,17610.72
2024-08-28,17556.03,16244.97,16732.31,15757.62,16180.2,17598.91
2024-08-29,17516.43,16257.62,16745.35,15769.89,16198.79,17582.11
2024-08-30,17713.62,16272.1,16760.27,15783.94,16218.52,17566.13
2024-09-03,17136.3,16280.7,16769.12,15792.28,16233.73,17534.44
2024-09-04,17084.3,16288.7,16777.36,15800.04,16248.63,17500.82
2024-09-05,17127.66,16297.05,16785.96,15808.14,16263.7,17462.82
2024-09-06,16690.83,16300.97,16789.99,15811.94,16276.53,17423.01
2024-09-09,16884.6,16306.77,16795.98,15817.57,16289.53,17385.16
2024-09-10,17025.88,16313.93,16803.35,15824.51,16303.66,17349.0
2024-09-11,17395.53,16324.69,16814.43,15834.95,16319.3,17321.15
2024-09-12,17569.68,16337.08,16827.19,15846.97,16335.9,17310.47
2024-09-13,17683.98,16350.48,16841.0,15859.97,16353.11,17305.79
2024-09-16,17592.13,16362.84,16853.72,15871.95,16369.67,17302.42
2024-09-17,17628.06,16375.42,16866.69,15884.16,16386.51,17292.93
2024-09-18,17573.3,16387.34,16878.96,15895.72,16403.25,17282.33
2024-09-19,18013.98,16403.53,16895.64,15911.42,16421.79,17299.12
2024-09-20,17948.32,16418.9,16911.47,15926.33,16440.61,17318.28
2024-09-23,17974.27,16434.38,16927.41,15941.35,16459.33,17333.69
2024-09-24,18074.52,16450.7,16944.22,15957.18,16478.97,17351.3
2024-09-25,18082.21,16466.93,16960.94,15972.92,16497.68,17374.67
2024-09-26,18190.29,16484.08,16978.6,15989.56,16516.61,17389.44
2024-09-27,18119.59,16500.35,16995.36,16005.34,16535.05,17412.58
2024-09-30,18189.17,16517.16,17012.67,16021.64,16553.33,17447.91
2024-10-01,17910.36,16531.02,17026.95,16035.09,16569.21,17490.66
2024-10-02,17925.12,16544.89,17041.24,16048.54,16585.03,17529.62
2024-10-03,17918.48,16558.56,17055.31,16061.8,16600.55,17572.69
2024-10-04,18137.85,16574.27,17071.5,16077.04,16616.71,17609.63
2024-10-07,17923.9,16587.7,17085.33,16090.07,16631.32,17639.1
2024-10-08,18182.92,16603.57,17101.68,16105.47,16648.34,17674.15
2024-10-09,18291.62,16620.37,17118.98,16121.76,16664.98,17701.75
2024-10-10,18282.05,16636.91,17136.01,16137.8,16681.43,17728.99
2024-10-11,18342.94,16653.88,17153.5,16154.26,16697.77,17747.7
2024-10-14,18502.69,16672.28,17172.44,16172.11,16714.79,17769.48
2024-10-15,18315.59,16688.63,17189.29,16187.97,16730.89,17780.45
2024-10-16,18367.08,16705.33,17206.49,16204.17,16747.67,17794.2
2024-10-17,18373.61,16721.93,17223.59,16220.27,16765.7,17805.57
2024-10-18,18489.55,16739.52,17241.7,16237.33,16785.19,17827.32
2024-10-21,18540.01,16757.43,17260.16,16254.71,16805.34,17843.88
2024-10-22,18579.77,16775.57,17278.83,16272.3,16825.62,17865.23
2024-10-23,18276.65,16790.5,17294.22,16286.79,16842.78,17878.27
2024-10-24,18415.49,16806.67,17310.87,16302.47,16860.57,17899.76
2024-10-25,18518.61,16823.7,17328.42,16318.99,16878.32,17924.81
2024-10-28,18567.19,16841.05,17346.28,16335.82,16896.3,17946.15
2024-10-29,18712.75,16859.68,17365.47,16353.89,16915.0,17985.56
2024-10-30,18607.93,16877.07,17383.38,16370.76,16933.32,18023.65
2024-10-31,18095.15,16889.19,17395.87,16382.52,16949.52,18047.84
2024-11-01,18239.92,16902.63,17409.71,16395.55,16965.44,18086.57
2024-11-04,18179.98,16915.34,17422.8,16407.88,16979.78,18118.95
2024-11-05,18439.17,16930.5,17438.42,16422.59,16995.18,18154.29
2024-11-06,18983.47,16950.93,17459.46,16442.4,17012.97,18193.98
2024-11-07,19269.46,16974.0,17483.22,16464.78,17031.9,18236.48
2024-11-08,19286.78,16997.01,17506.93,16487.1,17050.78,18276.55
2024-11-11,19298.76,17019.92,17530.52,16509.32,17070.0,18319.21
2024-11-12,19281.4,17042.42,17553.69,16531.15,17088.27,18360.55
2024-11-13,19230.72,17064.19,17576.12,16552.27,17106.87,18401.98
2024-11-14,19107.65,17084.53,17597.06,16571.99,17126.59,18429.32
2024-11-15,18680.12,17100.4,17613.42,16587.39,17143.18,18447.62
2024-11-18,18791.81,17117.23,17630.75,16603.72,17159.0,18468.06
2024-11-19,18987.47,17135.84,17649.92,16621.77,17175.95,18490.88
2024-11-20,18966.14,17154.05,17668.68,16639.43,17192.73,18512.98
2024-11-21,18972.42,17172.15,17687.31,16656.98,17208.81,18532.53
2024-11-22,19003.65,17190.37,17706.08,16674.66,17224.86,18554.64
2024-11-25,19054.84,17208.92,17725.19,16692.66,17240.18,18576.28
2024-11-26,19174.3,17228.48,17745.33,16711.63,17256.34,18607.88
2024-11-27,19060.48,17246.71,17764.11,16729.31,17273.36,18636.26
2024-11-29,19218.17,17266.33,17784.32,16748.34,17290.16,18668.75
2024-12-02,19403.95,17287.6,17806.22,16768.97,17307.65,18700.4
2024-12-03,19480.91,17309.42,17828.7,16790.14,17326.17,18739.33
2024-12-04,19735.12,17333.56,17853.56,16813.55,17346.7,18778.13
2024-12-05,19700.26,17357.1,17877.82,16836.39,17367.29,18813.35
2024-12-06,19859.77,17382.01,17903.47,16860.55,17386.38,18852.79
2024-12-09,19736.69,17405.44,17927.6,16883.27,17405.08,18887.64
2024-12-10,19687.24,17428.14,17950.99,16905.3,17423.64,18917.25
2024-12-11,20034.89,17454.08,17977.7,16930.46,17443.64,18960.23
2024-12-12,19902.84,17478.44,18002.8,16954.09,17463.41,18998.63
2024-12-13,19926.72,17502.81,18027.89,16977.72,17482.59,19037.46
2024-12-16,20173.89,17529.38,18055.27,17003.5,17502.08,19079.56
2024-12-17,20109.06,17555.05,18081.7,17028.4,17521.59,19118.79
2024-12-18,19392.69,17573.34,18100.54,17046.14,17538.85,19139.11
2024-12-19,19372.77,17591.24,18118.98,17063.5,17555.56,19166.52
2024-12-20,19572.6,17610.96,18139.29,17082.63,17572.06,19195.44
2024-12-23,19764.88,17632.39,18161.36,17103.42,17590.45,19226.6
2024-12-24,20031.13,17656.26,18185.94,17126.57,17610.51,19263.2
2024-12-26,20020.36,17679.78,18210.17,17149.39,17629.29,19295.89
2024-12-27,19722.03,17700.1,18231.1,17169.1,17647.01,19323.74
2024-12-30,19486.79,17717.88,18249.42,17186.34,17663.8,19358.53
2024-12-31,19310.79,17733.73,18265.74,17201.72,17680.49,19385.3
2025-01-02,19280.79,17749.12,18281.6,17216.65,17696.38,19412.82
2025-01-03,19621.68,17767.76,18300.79,17234.72,17713.65,19442.39
2025-01-06,19864.98,17788.62,18322.28,17254.96,17731.13,19464.42
2025-01-07,19489.68,17805.55,18339.72,17271.38,17746.57,19469.93
2025-01-08,19478.88,17822.2,18356.87,17287.53,17761.82,19474.73
2025-01-10,19161.63,17835.53,18370.59,17300.46,17775.7,19471.3
2025-01-13,19088.1,17847.99,18383.43,17312.55,17789.56,19466.47
2025-01-14,19044.39,17859.89,18395.69,17324.1,17802.79,19461.81
2025-01-15,19511.23,17876.33,18412.62,17340.04,17818.45,19471.9
2025-01-16,19338.29,17890.87,18427.6,17354.15,17833.16,19488.36
2025-01-17,19630.2,17908.18,18445.42,17370.93,17850.1,19509.32
2025-01-21,19756.78,17926.57,18464.37,17388.78,17867.5,19528.55
2025-01-22,20009.34,17947.3,18485.72,17408.88,17887.3,19554.63
2025-01-23,20053.68,17968.26,18507.3,17429.21,17906.33,19581.66
2025-01-24,19954.3,17988.02,18527.66,17448.38,17924.83,19605.43
2025-01-27,19341.83,18001.49,18541.53,17461.44,17940.01,19612.6
2025-01-28,19733.59,18018.72,18559.29,17478.16,17957.82,19626.58
2025-01-29,19632.32,18034.78,18575.82,17493.74,17973.77,19640.88
2025-01-30,19681.75,18051.17,18592.7,17509.63,17991.31,19652.47
2025-01-31,19627.44,18066.85,18608.86,17524.85,18010.02,19658.06
2025-02-03,19391.96,18080.04,18622.44,17537.64,18027.65,19655.83
2025-02-04,19654.02,18095.7,18638.57,17552.83,18047.5,19653.81
2025-02-05,19692.33,18111.59,18654.93,17568.24,18067.96,19653.61
2025-02-06,19791.99,18128.31,18672.15,17584.46,18090.51,19651.91
2025-02-07,19523.4,18142.19,18686.45,17597.92,18110.87,19646.58
2025-02-10,19714.27,18157.83,18702.56,17613.09,18130.96,19647.26
2025-02-11,19643.86,18172.62,18717.79,17627.44,18150.61,19637.48
2025-02-12,19649.95,18187.32,18732.94,17641.7,18170.8,19631.16
2025-02-13,19945.64,18204.81,18750.96,17658.67,18190.89,19631.63
2025-02-14,20026.77,18222.94,18769.63,17676.25,18211.11,19627.95
2025-02-18,20041.26,18241.03,18788.26,17693.8,18233.03,19626.26
2025-02-19,20056.25,18259.1,18806.87,17711.32,18255.28,19642.85
2025-02-20,19962.36,18276.04,18824.32,17727.76,18275.89,19657.59
2025-02-21,19524.01,18288.46,18837.11,17739.81,18292.73,19656.37
2025-02-24,19286.93,18298.4,18847.35,17749.44,18307.42,19644.42
2025-02-25,19026.39,18305.64,18854.81,17756.47,18320.88,19619.31
2025-02-26,19075.26,18313.3,18862.7,17763.9,18334.75,19595.68
2025-02-27,18544.42,18315.6,18865.06,17766.13,18345.74,19566.24
2025-02-28,18847.28,18320.89,18870.51,17771.26,18358.27,19550.25
2025-03-03,18350.19,18321.18,18870.81,17771.54,18368.08,19526.24
2025-03-04,18285.16,18320.82,18870.45,17771.2,18376.95,19501.34
2025-03-05,18552.73,18323.13,18872.82,17773.43,18386.0,19474.62
2025-03-06,18069.26,18320.6,18870.22,17770.98,18392.86,19429.73
2025-03-07,18196.22,18319.36,18868.95,17769.78,18400.41,19397.39
2025-03-10,17468.32,18310.9,18860.22,17761.57,18403.77,19347.13
2025-03-11,17436.1,18302.19,18851.26,17753.13,18406.79,19303.99
2025-03-12,17648.45,18295.69,18844.56,17746.82,18411.03,19268.0
2025-03-13,17303.01,18285.81,18834.38,17737.24,18413.86,19224.46
2025-03-14,17754.09,18280.52,18828.93,17732.1,18418.03,19180.53
2025-03-17,17808.66,18275.82,18824.1,17727.55,18421.97,19142.29
2025-03-18,17504.12,18268.15,18816.19,17720.1,18424.89,19089.14
2025-03-19,17750.79,18263.0,18810.89,17715.11,18429.96,19038.99
2025-03-20,17691.63,18257.31,18805.03,17709.59,18434.74,18981.05
2025-03-21,17784.05,18252.6,18800.18,17705.02,18439.52,18924.31
2025-03-24,18188.59,18251.97,18799.53,17704.41,18446.18,18880.17
2025-03-25,18271.86,18252.16,18799.73,17704.6,18451.6,18853.42
2025-03-26,17899.02,18248.65,18796.11,17701.19,18455.22,18807.55
2025-03-27,17804.03,18244.23,18791.55,17696.9,18458.58,18761.85
2025-03-28,17322.99,18235.06,18782.11,17688.01,18459.23,18702.88
2025-03-31,17299.29,18225.75,18772.52,17678.98,18459.01,18644.67
2025-04-01,17449.89,18218.03,18764.57,17671.49,18458.22,18596.12
2025-04-02,17601.05,18211.89,18758.25,17665.53,18457.89,18544.8
2025-04-03,16550.61,18195.36,18741.22,17649.5,18452.19,18466.25
2025-04-04,15587.79,18169.41,18714.5,17624.33,18440.85,18361.15
2025-04-07,15603.26,18143.88,18688.2,17599.56,18429.55,18263.15
2025-04-08,15267.91,18115.26,18658.72,17571.8,18417.28,18151.99
2025-04-09,17124.97,18105.41,18648.57,17562.25,18414.46,18089.01
2025-04-10,16387.31,18088.31,18630.96,17545.66,18408.91,18007.45
2025-04-11,16724.46,18074.74,18616.99,17532.5,18403.95,17926.92
2025-04-14,16831.48,18062.37,18604.24,17520.5,18399.08,17847.04
2025-04-15,16823.17,18050.04,18591.54,17508.54,18393.9,17766.58
2025-04-16,16307.16,18032.7,18573.68,17491.72,18386.78,17672.86
2025-04-17,16286.45,18015.32,18555.78,17474.86,18378.81,17580.96
2025-04-21,15870.9,17993.99,18533.81,17454.17,18368.02,17489.63
2025-04-22,16300.42,17977.14,18516.45,17437.82,18358.58,17414.97
2025-04-23,16708.05,17964.51,18503.44,17425.57,18350.36,17357.01
2025-04-24,17166.04,17956.56,18495.26,17417.87,18344.17,17309.28
2025-04-25,17382.94,17950.85,18489.38,17412.33,18338.94,17280.24
2025-04-28,17366.13,17945.04,18483.39,17406.69,18332.53,17243.21
2025-04-29,17461.32,17940.22,18478.43,17402.02,18328.42,17220.99
2025-04-30,17446.34,17935.31,18473.37,17397.25,18323.66,17200.02
2025-05-01,17710.74,17933.07,18471.07,17395.08,18319.85,17178.97
2025-05-02,17977.73,17933.52,18471.52,17395.51,18317.19,17176.68
2025-05-05,17844.24,17932.63,18470.61,17394.65,18316.43,17167.88
2025-05-06,17689.66,17930.21,18468.12,17392.31,18315.52,17173.42
2025-05-07,17738.16,17928.3,18466.15,17390.45,18315.58,17180.97
2025-05-08,17928.14,17928.3,18466.15,17390.45,18315.18,17187.96
2025-05-09,17928.92,17928.31,18466.16,17390.46,18314.84,17203.61
2025-05-12,18708.34,17936.07,18474.15,17397.99,18321.67,17227.47
2025-05-13,19010.09,17946.75,18485.16,17408.35,18330.81,17257.5
2025-05-14,19146.81,17958.7,18497.46,17419.93,18339.76,17298.57
2025-05-15,19112.32,17970.17,18509.28,17431.07,18348.47,17332.61
2025-05-16,19211.1,17982.52,18522.0,17443.05,18358.79,17370.59
2025-05-19,19215.46,17994.79,18534.63,17454.95,18366.87,17406.38
2025-05-20,19142.71,18006.21,18546.4,17466.03,18376.61,17430.23
2025-05-21,18872.64,18014.83,18555.28,17474.39,18387.09,17445.25
2025-05-22,18925.74,18023.9,18564.61,17483.18,18400.72,17470.92
2025-05-23,18737.21,18030.99,18571.92,17490.07,18412.57,17494.25
2025-05-27,19199.16,18042.62,18583.9,17501.34,18427.59,17541.15
2025-05-28,19100.94,18053.15,18594.74,17511.55,18439.79,17586.19
2025-05-29,19175.87,18064.32,18606.25,17522.39,18451.94,17629.34
2025-05-30,19113.77,18074.76,18617.01,17532.52,18463.61,17667.16
2025-06-02,19242.61,18086.38,18628.97,17543.79,18473.89,17734.46
2025-06-03,19398.96,18099.44,18642.43,17556.46,18484.92,17829.74
2025-06-04,19460.49,18112.99,18656.38,17569.6,18494.25,17926.17
2025-06-05,19298.45,18124.78,18668.53,17581.04,18502.58,18026.94
2025-06-06,19529.95,18138.76,18682.93,17594.6,18510.85,18087.06
2025-06-09,19591.24,18153.22,18697.81,17608.62,18519.72,18167.16
2025-06-10,19714.99,18168.76,18713.82,17623.69,18528.7,18241.92
2025-06-11,19615.88,18183.16,18728.65,17637.66,18538.68,18311.53
2025-06-12,19662.49,18197.88,18743.81,17651.94,18547.6,18382.51
2025-06-13,19406.83,18209.9,18756.2,17663.61,18556.01,18460.01
2025-06-16,19701.21,18224.74,18771.49,17678.0,18565.74,18545.37
2025-06-17,19521.09,18237.64,18784.77,17690.51,18575.57,18636.63
2025-06-18,19546.27,18250.66,18798.18,17703.14,18585.72,18717.78
2025-06-20,19447.41,18262.57,18810.45,17714.69,18594.39,18786.26
2025-06-23,19630.97,18276.19,18824.47,17727.9,18606.86,18847.88
2025-06-24,19912.53,18292.47,18841.24,17743.7,18621.0,18911.12
2025-06-25,19973.55,18309.2,18858.47,17759.92,18635.23,18976.31
2025-06-26,20167.91,18327.69,18877.52,17777.86,18652.61,19043.97
2025-06-27,20273.46,18347.05,18897.46,17796.64,18669.56,19114.65
2025-06-30,20369.73,18367.18,18918.19,17816.16,18686.28,19181.13
2025-07-01,20202.89,18385.44,18937.01,17833.88,18700.32,19236.75
2025-07-02,20393.13,18405.42,18957.58,17853.26,18714.43,19300.48
2025-07-03,20601.1,18427.27,18980.09,17874.45,18729.02,19373.26
2025-07-07,20412.52,18447.02,19000.43,17893.61,18743.12,19440.12
2025-07-08,20418.46,18466.64,19020.64,17912.64,18757.07,19502.38
2025-07-09,20611.34,18487.98,19042.62,17933.34,18772.26,19569.44
2025-07-10,20630.66,18509.3,19064.58,17954.02,18785.35,19617.5
2025-07-11,20585.53,18529.96,19085.86,17974.06,18798.53,19656.88
2025-07-14,20640.33,18550.96,19107.49,17994.43,18811.86,19694.22
2025-07-15,20677.8,18572.12,19129.28,18014.96,18824.88,19733.36
2025-07-16,20730.49,18593.6,19151.4,18035.79,18838.12,19771.34
2025-07-17,20885.65,18616.4,19174.89,18057.91,18851.6,19813.1
2025-07-18,20895.65,18639.08,19198.25,18079.91,18865.48,19856.92
2025-07-21,20974.18,18662.32,19222.19,18102.45,18879.4,19909.46
2025-07-22,20892.69,18684.51,19245.04,18123.97,18894.31,19958.63
2025-07-23,21020.02,18707.75,19268.98,18146.52,18909.79,20015.71
2025-07-24,21057.96,18731.13,19293.07,18169.2,18925.49,20062.18
2025-07-25,21108.32,18754.79,19317.43,18192.14,18940.34,20112.36
2025-07-28,21178.58,18778.9,19342.27,18215.54,18956.61,20162.43
2025-07-29,21098.29,18801.98,19366.04,18237.92,18971.19,20212.04
2025-07-30,21129.67,18825.14,19389.9,18260.39,18985.38,20259.22
2025-07-31,21122.45,18848.0,19413.44,18282.56,18999.58,20302.3
2025-08-01,20650.13,18865.93,19431.91,18299.96,19011.12,20332.05
2025-08-04,21053.58,18887.7,19454.33,18321.07,19023.87,20375.92
2025-08-05,20916.55,18907.89,19475.13,18340.65,19036.88,20410.59
2025-08-06,21169.42,18930.39,19498.3,18362.48,19050.89,20450.04
2025-08-07,21242.7,18953.4,19522.0,18384.8,19065.23,20488.24
2025-08-08,21450.02,18978.24,19547.59,18408.89,19080.03,20534.09
2025-08-11,21385.4,19002.19,19572.26,18432.13,19094.26,20577.16
2025-08-12,21681.9,19028.86,19599.72,18457.99,19109.77,20634.04
2025-08-13,21713.14,19055.57,19627.23,18483.9,19126.95,20684.34
2025-08-14,21710.67,19081.99,19654.45,18509.53,19143.43,20739.08
2025-08-15,21622.98,19107.27,19680.49,18534.05,19158.95,20790.99
2025-08-18,21629.77,19132.37,19706.34,18558.4,19174.27,20845.55
2025-08-19,21314.95,19154.09,19728.71,18579.46,19187.28,20887.65
2025-08-20,21172.86,19174.17,19749.4,18598.95,19200.1,20919.16
2025-08-21,21100.31,19193.34,19769.14,18617.54,19215.13,20947.33
2025-08-22,21496.54,19216.26,19792.74,18639.77,19231.41,20980.55
2025-08-25,21449.29,19238.48,19815.63,18661.32,19247.76,21009.94
2025-08-26,21544.27,19261.42,19839.26,18683.58,19263.28,21039.3
2025-08-27,21590.14,19284.59,19863.13,18706.05,19276.32,21073.99
2025-08-28,21705.16,19308.68,19887.94,18729.42,19288.49,21106.79
2025-08-29,21455.55,19330.04,19909.94,18750.14,19299.34,21128.15
2025-09-02,21279.63,19349.44,19929.92,18768.95,19309.24,21149.83
2025-09-03,21497.73,19370.81,19951.94,18789.69,19320.32,21176.81
2025-09-04,21707.69,19394.06,19975.89,18812.24,19332.71,21204.22
2025-09-05,21700.39,19417.01,19999.52,18834.5,19345.67,21230.96
2025-09-08,21798.7,19440.71,20023.93,18857.49,19361.27,21261.29
2025-09-09,21879.49,19464.98,20048.93,18881.03,19376.7,21292.27
2025-09-10,21886.06,19489.07,20073.74,18904.4,19391.2,21322.47
2025-09-11,22043.07,19514.48,20099.92,18929.05,19406.58,21355.29
2025-09-12,22141.1,19540.62,20126.84,18954.4,19422.42,21386.68
2025-09-15,22348.75,19568.56,20155.62,18981.5,19439.15,21423.0
2025-09-16,22333.96,19596.08,20183.96,19008.19,19455.55,21457.0
2025-09-17,22261.33,19622.6,20211.27,19033.92,19470.98,21491.21
2025-09-18,22470.72,19650.93,20240.46,19061.41,19488.03,21527.48
2025-09-19,22631.48,19680.59,20271.01,19090.17,19505.1,21566.82
2025-09-22,22788.98,19711.52,20302.87,19120.18,19522.02,21608.84
2025-09-23,22573.47,19740.0,20332.2,19147.8,19537.49,21643.71
2025-09-24,22497.86,19767.44,20360.46,19174.42,19551.3,21678.7
2025-09-25,22384.7,19793.48,20387.29,19199.68,19564.72,21710.07
2025-09-26,22484.07,19820.25,20414.86,19225.65,19577.84,21744.11
2025-09-29,22591.15,19847.83,20443.26,19252.39,19592.12,21792.64
2025-09-30,22660.01,19875.81,20472.08,19279.53,19606.98,21832.8
2025-10-01,22755.16,19904.46,20501.59,19307.32,19620.58,21878.76
2025-10-02,22844.05,19933.71,20531.72,19335.7,19635.29,21920.63
2025-10-03,22780.51,19962.03,20560.89,19363.17,19649.56,21959.08
2025-10-06,22941.67,19991.68,20591.43,19391.93,19663.4,21996.37
2025-10-07,22788.36,20019.51,20620.09,19418.92,19676.79,22031.44
2025-10-08,23043.38,20049.6,20651.09,19448.11,19695.05,22065.48
2025-10-09,23024.63,20079.2,20681.58,19476.82,19713.3,22098.26
2025-10-10,22204.43,20100.35,20703.36,19497.34,19726.46,22110.61
2025-10-13,22694.61,20126.16,20729.94,19522.38,19741.11,22137.4
2025-10-14,22521.7,20150.0,20754.5,19545.5,19753.57,22159.7
2025-10-15,22670.08,20175.07,20780.32,19569.82,19766.81,22193.58
2025-10-16,22562.54,20198.83,20804.79,19592.86,19781.02,22228.32
2025-10-17,22679.97,20223.52,20830.22,19616.81,19796.98,22267.81
2025-10-20,22990.54,20251.05,20858.58,19643.52,19815.38,22305.16
2025-10-21,22953.67,20277.94,20886.28,19669.6,19833.75,22342.77
2025-10-22,22740.4,20302.44,20911.52,19693.37,19849.34,22372.67
2025-10-23,22941.8,20328.7,20938.57,19718.84,19864.72,22406.46
2025-10-24,23204.87,20357.32,20968.04,19746.6,19883.3,22443.96
2025-10-27,23637.46,20389.96,21001.66,19778.26,19904.09,22498.5
2025-10-28,23827.49,20424.17,21036.89,19811.44,19927.42,22562.2
2025-10-29,23958.47,20459.33,21073.11,19845.55,19951.77,22623.72
2025-10-30,23581.14,20490.4,21105.11,19875.68,19974.46,22670.56
2025-10-31,23724.96,20522.58,21138.26,19906.9,19995.53,22721.17
2025-11-03,23834.72,20555.54,21172.2,19938.87,20018.01,22772.07
2025-11-04,23348.64,20583.33,21200.83,19965.83,20036.6,22808.8
2025-11-05,23499.8,20612.35,21230.72,19993.98,20055.32,22849.14
2025-11-06,23053.99,20636.64,21255.74,20017.54,20070.54,22874.42
2025-11-07,23004.54,20660.2,21280.01,20040.4,20085.29,22896.0
2025-11-10,23527.17,20688.73,21309.39,20068.07,20103.16,22925.46
2025-11-11,23468.3,20716.39,21337.88,20094.9,20123.79,22953.82
2025-11-12,23406.46,20743.16,21365.45,20120.86,20142.15,22982.45
2025-11-13,22870.36,20764.32,21387.25,20141.39,20158.34,22992.44
2025-11-14,22900.59,20785.58,21409.15,20162.01,20174.44,22999.17
2025-11-17,22708.07,20804.71,21428.85,20180.57,20189.84,22997.14
2025-11-18,22432.85,20820.91,21445.54,20196.28,20205.05,22993.63
2025-11-19,22564.23,20838.25,21463.4,20213.11,20219.6,22995.29
2025-11-20,22078.05,20850.59,21476.11,20225.07,20231.53,22987.62
2025-11-21,22273.08,20864.74,21490.69,20238.8,20243.93,22982.35
2025-11-24,22872.01,20884.72,21511.26,20258.18,20260.67,22989.37
2025-11-25,23025.59,20906.02,21533.2,20278.84,20277.23,22998.51
2025-11-26,23214.69,20928.99,21556.86,20301.12,20295.08,23010.0
2025-11-28,23365.69,20953.24,21581.83,20324.64,20313.66,23023.04
2025-12-01,23275.92,20976.35,21605.64,20347.06,20330.31,23035.42
